Channel,Timestamp,Current,Year,Month,Day,Hour,Minute,Second,Total_time,Capacity,TimeDelta
111,2024-06-19 08:45:24,0.001,2024,6,19,8,45,24,0 days 00:16:28,0.0,0.0
111,2024-06-19 08:45:25,10.414,2024,6,19,8,45,25,,0.002893,1.0
111,2024-06-19 08:45:26,10.415,2024,6,19,8,45,26,,0.005786,1.0
111,2024-06-19 08:45:27,10.415,2024,6,19,8,45,27,,0.008679,1.0
111,2024-06-19 08:45:28,10.415,2024,6,19,8,45,28,,0.011572,1.0
111,2024-06-19 08:45:29,10.415,2024,6,19,8,45,29,,0.014465,1.0
111,2024-06-19 08:45:30,10.415,2024,6,19,8,45,30,,0.017358,1.0
111,2024-06-19 08:45:31,10.415,2024,6,19,8,45,31,,0.020251,1.0
111,2024-06-19 08:45:32,10.415,2024,6,19,8,45,32,,0.023144,1.0
111,2024-06-19 08:45:33,10.414,2024,6,19,8,45,33,,0.026037,1.0
111,2024-06-19 08:45:34,10.414,2024,6,19,8,45,34,,0.02893,1.0
111,2024-06-19 08:45:35,10.415,2024,6,19,8,45,35,,0.031823,1.0
111,2024-06-19 08:45:36,10.415,2024,6,19,8,45,36,,0.034716,1.0
111,2024-06-19 08:45:37,10.414,2024,6,19,8,45,37,,0.037609,1.0
111,2024-06-19 08:45:38,10.414,2024,6,19,8,45,38,,0.040501,1.0
111,2024-06-19 08:45:39,10.414,2024,6,19,8,45,39,,0.043394,1.0
111,2024-06-19 08:45:40,10.415,2024,6,19,8,45,40,,0.046287,1.0
111,2024-06-19 08:45:41,10.414,2024,6,19,8,45,41,,0.04918,1.0
111,2024-06-19 08:45:42,10.415,2024,6,19,8,45,42,,0.052073,1.0
111,2024-06-19 08:45:43,10.414,2024,6,19,8,45,43,,0.054966,1.0
111,2024-06-19 08:45:44,10.414,2024,6,19,8,45,44,,0.057859,1.0
111,2024-06-19 08:45:45,10.414,2024,6,19,8,45,45,,0.060751,1.0
111,2024-06-19 08:45:46,10.414,2024,6,19,8,45,46,,0.063644,1.0
111,2024-06-19 08:45:47,10.415,2024,6,19,8,45,47,,0.066537,1.0
111,2024-06-19 08:45:48,10.414,2024,6,19,8,45,48,,0.06943,1.0
111,2024-06-19 08:45:49,10.414,2024,6,19,8,45,49,,0.072323,1.0
111,2024-06-19 08:45:50,10.415,2024,6,19,8,45,50,,0.075216,1.0
111,2024-06-19 08:45:51,10.415,2024,6,19,8,45,51,,0.078109,1.0
111,2024-06-19 08:45:52,10.414,2024,6,19,8,45,52,,0.081002,1.0
111,2024-06-19 08:45:53,10.414,2024,6,19,8,45,53,,0.083894,1.0
111,2024-06-19 08:45:54,10.414,2024,6,19,8,45,54,,0.086787,1.0
111,2024-06-19 08:45:55,10.415,2024,6,19,8,45,55,,0.08968,1.0
111,2024-06-19 08:45:56,10.415,2024,6,19,8,45,56,,0.092573,1.0
111,2024-06-19 08:45:57,10.414,2024,6,19,8,45,57,,0.095466,1.0
111,2024-06-19 08:45:58,10.415,2024,6,19,8,45,58,,0.098359,1.0
111,2024-06-19 08:45:59,10.414,2024,6,19,8,45,59,,0.101252,1.0
111,2024-06-19 08:46:00,10.414,2024,6,19,8,46,0,,0.104145,1.0
111,2024-06-19 08:46:01,10.415,2024,6,19,8,46,1,,0.107038,1.0
111,2024-06-19 08:46:02,10.415,2024,6,19,8,46,2,,0.109931,1.0
111,2024-06-19 08:46:03,10.414,2024,6,19,8,46,3,,0.112824,1.0
111,2024-06-19 08:46:04,10.414,2024,6,19,8,46,4,,0.115716,1.0
111,2024-06-19 08:46:05,10.415,2024,6,19,8,46,5,,0.118609,1.0
111,2024-06-19 08:46:06,10.414,2024,6,19,8,46,6,,0.121502,1.0
111,2024-06-19 08:46:07,10.415,2024,6,19,8,46,7,,0.124395,1.0
111,2024-06-19 08:46:08,10.414,2024,6,19,8,46,8,,0.127288,1.0
111,2024-06-19 08:46:09,10.414,2024,6,19,8,46,9,,0.130181,1.0
111,2024-06-19 08:46:10,10.415,2024,6,19,8,46,10,,0.133074,1.0
111,2024-06-19 08:46:11,10.415,2024,6,19,8,46,11,,0.135967,1.0
111,2024-06-19 08:46:12,10.415,2024,6,19,8,46,12,,0.13886,1.0
111,2024-06-19 08:46:13,10.415,2024,6,19,8,46,13,,0.141753,1.0
111,2024-06-19 08:46:14,10.415,2024,6,19,8,46,14,,0.144646,1.0
111,2024-06-19 08:46:15,10.414,2024,6,19,8,46,15,,0.147539,1.0
111,2024-06-19 08:46:16,10.415,2024,6,19,8,46,16,,0.150432,1.0
111,2024-06-19 08:46:17,10.414,2024,6,19,8,46,17,,0.153325,1.0
111,2024-06-19 08:46:18,10.415,2024,6,19,8,46,18,,0.156218,1.0
111,2024-06-19 08:46:19,10.414,2024,6,19,8,46,19,,0.159111,1.0
111,2024-06-19 08:46:20,10.415,2024,6,19,8,46,20,,0.162004,1.0
111,2024-06-19 08:46:21,10.414,2024,6,19,8,46,21,,0.164896,1.0
111,2024-06-19 08:46:22,10.415,2024,6,19,8,46,22,,0.167789,1.0
111,2024-06-19 08:46:23,10.415,2024,6,19,8,46,23,,0.170682,1.0
111,2024-06-19 08:46:24,10.415,2024,6,19,8,46,24,,0.173576,1.0
111,2024-06-19 08:46:25,10.415,2024,6,19,8,46,25,,0.176469,1.0
111,2024-06-19 08:46:26,10.414,2024,6,19,8,46,26,,0.179361,1.0
111,2024-06-19 08:46:27,10.415,2024,6,19,8,46,27,,0.182254,1.0
111,2024-06-19 08:46:28,10.414,2024,6,19,8,46,28,,0.185147,1.0
111,2024-06-19 08:46:29,10.415,2024,6,19,8,46,29,,0.18804,1.0
111,2024-06-19 08:46:30,10.414,2024,6,19,8,46,30,,0.190933,1.0
111,2024-06-19 08:46:31,10.415,2024,6,19,8,46,31,,0.193826,1.0
111,2024-06-19 08:46:32,10.415,2024,6,19,8,46,32,,0.196719,1.0
111,2024-06-19 08:46:33,10.414,2024,6,19,8,46,33,,0.199612,1.0
111,2024-06-19 08:46:34,10.415,2024,6,19,8,46,34,,0.202505,1.0
111,2024-06-19 08:46:35,10.415,2024,6,19,8,46,35,,0.205398,1.0
111,2024-06-19 08:46:36,10.415,2024,6,19,8,46,36,,0.208291,1.0
111,2024-06-19 08:46:37,10.415,2024,6,19,8,46,37,,0.211184,1.0
111,2024-06-19 08:46:38,10.414,2024,6,19,8,46,38,,0.214077,1.0
111,2024-06-19 08:46:39,10.415,2024,6,19,8,46,39,,0.21697,1.0
111,2024-06-19 08:46:40,10.415,2024,6,19,8,46,40,,0.219863,1.0
111,2024-06-19 08:46:41,10.415,2024,6,19,8,46,41,,0.222756,1.0
111,2024-06-19 08:46:42,10.415,2024,6,19,8,46,42,,0.225649,1.0
111,2024-06-19 08:46:43,10.415,2024,6,19,8,46,43,,0.228542,1.0
111,2024-06-19 08:46:44,10.415,2024,6,19,8,46,44,,0.231435,1.0
111,2024-06-19 08:46:45,10.415,2024,6,19,8,46,45,,0.234328,1.0
111,2024-06-19 08:46:46,10.415,2024,6,19,8,46,46,,0.237221,1.0
111,2024-06-19 08:46:47,10.415,2024,6,19,8,46,47,,0.240114,1.0
111,2024-06-19 08:46:48,10.415,2024,6,19,8,46,48,,0.243007,1.0
111,2024-06-19 08:46:49,10.415,2024,6,19,8,46,49,,0.245901,1.0
111,2024-06-19 08:46:50,10.415,2024,6,19,8,46,50,,0.248794,1.0
111,2024-06-19 08:46:51,10.415,2024,6,19,8,46,51,,0.251687,1.0
111,2024-06-19 08:46:52,10.415,2024,6,19,8,46,52,,0.25458,1.0
111,2024-06-19 08:46:53,10.415,2024,6,19,8,46,53,,0.257473,1.0
111,2024-06-19 08:46:54,10.415,2024,6,19,8,46,54,,0.260366,1.0
111,2024-06-19 08:46:55,10.415,2024,6,19,8,46,55,,0.263259,1.0
111,2024-06-19 08:46:56,10.415,2024,6,19,8,46,56,,0.266152,1.0
111,2024-06-19 08:46:57,10.415,2024,6,19,8,46,57,,0.269045,1.0
111,2024-06-19 08:46:58,10.416,2024,6,19,8,46,58,,0.271938,1.0
111,2024-06-19 08:46:59,10.415,2024,6,19,8,46,59,,0.274831,1.0
111,2024-06-19 08:47:00,10.415,2024,6,19,8,47,0,,0.277724,1.0
111,2024-06-19 08:47:01,10.415,2024,6,19,8,47,1,,0.280617,1.0
111,2024-06-19 08:47:02,10.415,2024,6,19,8,47,2,,0.283511,1.0
111,2024-06-19 08:47:03,10.415,2024,6,19,8,47,3,,0.286404,1.0
111,2024-06-19 08:47:04,10.416,2024,6,19,8,47,4,,0.289297,1.0
111,2024-06-19 08:47:05,10.415,2024,6,19,8,47,5,,0.29219,1.0
111,2024-06-19 08:47:06,10.415,2024,6,19,8,47,6,,0.295083,1.0
111,2024-06-19 08:47:07,10.415,2024,6,19,8,47,7,,0.297976,1.0
111,2024-06-19 08:47:08,10.415,2024,6,19,8,47,8,,0.300869,1.0
111,2024-06-19 08:47:09,10.414,2024,6,19,8,47,9,,0.303762,1.0
111,2024-06-19 08:47:10,10.415,2024,6,19,8,47,10,,0.306655,1.0
111,2024-06-19 08:47:11,10.416,2024,6,19,8,47,11,,0.309548,1.0
111,2024-06-19 08:47:12,10.415,2024,6,19,8,47,12,,0.312441,1.0
111,2024-06-19 08:47:13,10.415,2024,6,19,8,47,13,,0.315334,1.0
111,2024-06-19 08:47:14,10.415,2024,6,19,8,47,14,,0.318227,1.0
111,2024-06-19 08:47:15,10.415,2024,6,19,8,47,15,,0.321121,1.0
111,2024-06-19 08:47:16,10.415,2024,6,19,8,47,16,,0.324014,1.0
111,2024-06-19 08:47:17,10.416,2024,6,19,8,47,17,,0.326907,1.0
111,2024-06-19 08:47:18,10.416,2024,6,19,8,47,18,,0.3298,1.0
111,2024-06-19 08:47:19,10.415,2024,6,19,8,47,19,,0.332693,1.0
111,2024-06-19 08:47:20,10.416,2024,6,19,8,47,20,,0.335587,1.0
111,2024-06-19 08:47:21,10.415,2024,6,19,8,47,21,,0.33848,1.0
111,2024-06-19 08:47:22,10.415,2024,6,19,8,47,22,,0.341373,1.0
111,2024-06-19 08:47:23,10.415,2024,6,19,8,47,23,,0.344266,1.0
111,2024-06-19 08:47:24,10.415,2024,6,19,8,47,24,,0.347159,1.0
111,2024-06-19 08:47:25,10.416,2024,6,19,8,47,25,,0.350052,1.0
111,2024-06-19 08:47:26,10.416,2024,6,19,8,47,26,,0.352946,1.0
111,2024-06-19 08:47:27,10.415,2024,6,19,8,47,27,,0.355839,1.0
111,2024-06-19 08:47:28,10.415,2024,6,19,8,47,28,,0.358732,1.0
111,2024-06-19 08:47:29,10.415,2024,6,19,8,47,29,,0.361625,1.0
111,2024-06-19 08:47:30,10.415,2024,6,19,8,47,30,,0.364518,1.0
111,2024-06-19 08:47:31,10.415,2024,6,19,8,47,31,,0.367411,1.0
111,2024-06-19 08:47:32,10.415,2024,6,19,8,47,32,,0.370304,1.0
111,2024-06-19 08:47:33,10.415,2024,6,19,8,47,33,,0.373197,1.0
111,2024-06-19 08:47:34,10.416,2024,6,19,8,47,34,,0.37609,1.0
111,2024-06-19 08:47:35,10.416,2024,6,19,8,47,35,,0.378984,1.0
111,2024-06-19 08:47:36,10.415,2024,6,19,8,47,36,,0.381877,1.0
111,2024-06-19 08:47:37,10.415,2024,6,19,8,47,37,,0.38477,1.0
111,2024-06-19 08:47:38,10.415,2024,6,19,8,47,38,,0.387663,1.0
111,2024-06-19 08:47:39,10.415,2024,6,19,8,47,39,,0.390556,1.0
111,2024-06-19 08:47:40,10.415,2024,6,19,8,47,40,,0.393449,1.0
111,2024-06-19 08:47:41,10.415,2024,6,19,8,47,41,,0.396342,1.0
111,2024-06-19 08:47:42,10.415,2024,6,19,8,47,42,,0.399235,1.0
111,2024-06-19 08:47:43,10.416,2024,6,19,8,47,43,,0.402128,1.0
111,2024-06-19 08:47:44,10.415,2024,6,19,8,47,44,,0.405021,1.0
111,2024-06-19 08:47:45,10.415,2024,6,19,8,47,45,,0.407914,1.0
111,2024-06-19 08:47:46,10.415,2024,6,19,8,47,46,,0.410807,1.0
111,2024-06-19 08:47:47,10.415,2024,6,19,8,47,47,,0.413701,1.0
111,2024-06-19 08:47:48,10.415,2024,6,19,8,47,48,,0.416594,1.0
111,2024-06-19 08:47:49,10.416,2024,6,19,8,47,49,,0.419487,1.0
111,2024-06-19 08:47:50,10.415,2024,6,19,8,47,50,,0.42238,1.0
111,2024-06-19 08:47:51,10.415,2024,6,19,8,47,51,,0.425273,1.0
111,2024-06-19 08:47:52,10.415,2024,6,19,8,47,52,,0.428166,1.0
111,2024-06-19 08:47:53,10.415,2024,6,19,8,47,53,,0.431059,1.0
111,2024-06-19 08:47:54,10.416,2024,6,19,8,47,54,,0.433952,1.0
111,2024-06-19 08:47:55,10.415,2024,6,19,8,47,55,,0.436846,1.0
111,2024-06-19 08:47:56,10.415,2024,6,19,8,47,56,,0.439739,1.0
111,2024-06-19 08:47:57,10.416,2024,6,19,8,47,57,,0.442632,1.0
111,2024-06-19 08:47:58,10.416,2024,6,19,8,47,58,,0.445525,1.0
111,2024-06-19 08:47:59,10.415,2024,6,19,8,47,59,,0.448418,1.0
111,2024-06-19 08:48:00,10.415,2024,6,19,8,48,0,,0.451311,1.0
111,2024-06-19 08:48:01,10.415,2024,6,19,8,48,1,,0.454204,1.0
111,2024-06-19 08:48:02,10.415,2024,6,19,8,48,2,,0.457097,1.0
111,2024-06-19 08:48:03,10.416,2024,6,19,8,48,3,,0.459991,1.0
111,2024-06-19 08:48:04,10.415,2024,6,19,8,48,4,,0.462884,1.0
111,2024-06-19 08:48:05,10.415,2024,6,19,8,48,5,,0.465777,1.0
111,2024-06-19 08:48:06,10.415,2024,6,19,8,48,6,,0.46867,1.0
111,2024-06-19 08:48:07,10.415,2024,6,19,8,48,7,,0.471563,1.0
111,2024-06-19 08:48:08,10.415,2024,6,19,8,48,8,,0.474456,1.0
111,2024-06-19 08:48:09,10.415,2024,6,19,8,48,9,,0.477349,1.0
111,2024-06-19 08:48:10,10.415,2024,6,19,8,48,10,,0.480242,1.0
111,2024-06-19 08:48:11,10.415,2024,6,19,8,48,11,,0.483135,1.0
111,2024-06-19 08:48:12,10.415,2024,6,19,8,48,12,,0.486028,1.0
111,2024-06-19 08:48:13,10.415,2024,6,19,8,48,13,,0.488921,1.0
111,2024-06-19 08:48:14,10.416,2024,6,19,8,48,14,,0.491815,1.0
111,2024-06-19 08:48:15,10.416,2024,6,19,8,48,15,,0.494708,1.0
111,2024-06-19 08:48:16,10.415,2024,6,19,8,48,16,,0.497601,1.0
111,2024-06-19 08:48:17,10.415,2024,6,19,8,48,17,,0.500494,1.0
111,2024-06-19 08:48:18,10.415,2024,6,19,8,48,18,,0.503387,1.0
111,2024-06-19 08:48:19,10.415,2024,6,19,8,48,19,,0.50628,1.0
111,2024-06-19 08:48:20,10.415,2024,6,19,8,48,20,,0.509173,1.0
111,2024-06-19 08:48:21,10.416,2024,6,19,8,48,21,,0.512067,1.0
111,2024-06-19 08:48:22,10.415,2024,6,19,8,48,22,,0.51496,1.0
111,2024-06-19 08:48:23,10.416,2024,6,19,8,48,23,,0.517853,1.0
111,2024-06-19 08:48:24,10.415,2024,6,19,8,48,24,,0.520746,1.0
111,2024-06-19 08:48:25,10.415,2024,6,19,8,48,25,,0.523639,1.0
111,2024-06-19 08:48:26,10.415,2024,6,19,8,48,26,,0.526532,1.0
111,2024-06-19 08:48:27,10.415,2024,6,19,8,48,27,,0.529425,1.0
111,2024-06-19 08:48:28,10.415,2024,6,19,8,48,28,,0.532318,1.0
111,2024-06-19 08:48:29,10.415,2024,6,19,8,48,29,,0.535211,1.0
111,2024-06-19 08:48:30,10.414,2024,6,19,8,48,30,,0.538104,1.0
111,2024-06-19 08:48:31,10.415,2024,6,19,8,48,31,,0.540997,1.0
111,2024-06-19 08:48:32,10.415,2024,6,19,8,48,32,,0.54389,1.0
111,2024-06-19 08:48:33,10.415,2024,6,19,8,48,33,,0.546783,1.0
111,2024-06-19 08:48:34,10.415,2024,6,19,8,48,34,,0.549676,1.0
111,2024-06-19 08:48:35,10.416,2024,6,19,8,48,35,,0.55257,1.0
111,2024-06-19 08:48:36,10.415,2024,6,19,8,48,36,,0.555463,1.0
111,2024-06-19 08:48:37,10.415,2024,6,19,8,48,37,,0.558356,1.0
111,2024-06-19 08:48:38,10.415,2024,6,19,8,48,38,,0.561249,1.0
111,2024-06-19 08:48:39,10.415,2024,6,19,8,48,39,,0.564142,1.0
111,2024-06-19 08:48:40,10.415,2024,6,19,8,48,40,,0.567035,1.0
111,2024-06-19 08:48:41,10.415,2024,6,19,8,48,41,,0.569928,1.0
111,2024-06-19 08:48:42,10.415,2024,6,19,8,48,42,,0.572821,1.0
111,2024-06-19 08:48:43,10.416,2024,6,19,8,48,43,,0.575714,1.0
111,2024-06-19 08:48:44,10.416,2024,6,19,8,48,44,,0.578608,1.0
111,2024-06-19 08:48:45,10.415,2024,6,19,8,48,45,,0.581501,1.0
111,2024-06-19 08:48:46,10.415,2024,6,19,8,48,46,,0.584394,1.0
111,2024-06-19 08:48:47,10.415,2024,6,19,8,48,47,,0.587287,1.0
111,2024-06-19 08:48:48,10.415,2024,6,19,8,48,48,,0.59018,1.0
111,2024-06-19 08:48:49,10.415,2024,6,19,8,48,49,,0.593073,1.0
111,2024-06-19 08:48:50,10.415,2024,6,19,8,48,50,,0.595966,1.0
111,2024-06-19 08:48:51,10.416,2024,6,19,8,48,51,,0.598859,1.0
111,2024-06-19 08:48:52,10.416,2024,6,19,8,48,52,,0.601753,1.0
111,2024-06-19 08:48:53,10.416,2024,6,19,8,48,53,,0.604646,1.0
111,2024-06-19 08:48:54,10.415,2024,6,19,8,48,54,,0.607539,1.0
111,2024-06-19 08:48:55,10.415,2024,6,19,8,48,55,,0.610432,1.0
111,2024-06-19 08:48:56,10.415,2024,6,19,8,48,56,,0.613325,1.0
111,2024-06-19 08:48:57,10.415,2024,6,19,8,48,57,,0.616218,1.0
111,2024-06-19 08:48:58,10.416,2024,6,19,8,48,58,,0.619112,1.0
111,2024-06-19 08:48:59,10.415,2024,6,19,8,48,59,,0.622005,1.0
111,2024-06-19 08:49:00,10.415,2024,6,19,8,49,0,,0.624898,1.0
111,2024-06-19 08:49:01,10.416,2024,6,19,8,49,1,,0.627791,1.0
111,2024-06-19 08:49:02,10.415,2024,6,19,8,49,2,,0.630684,1.0
111,2024-06-19 08:49:03,10.415,2024,6,19,8,49,3,,0.633577,1.0
111,2024-06-19 08:49:04,10.415,2024,6,19,8,49,4,,0.63647,1.0
111,2024-06-19 08:49:05,10.415,2024,6,19,8,49,5,,0.639363,1.0
111,2024-06-19 08:49:06,10.415,2024,6,19,8,49,6,,0.642256,1.0
111,2024-06-19 08:49:07,10.416,2024,6,19,8,49,7,,0.64515,1.0
111,2024-06-19 08:49:08,10.416,2024,6,19,8,49,8,,0.648043,1.0
111,2024-06-19 08:49:09,10.416,2024,6,19,8,49,9,,0.650936,1.0
111,2024-06-19 08:49:10,10.415,2024,6,19,8,49,10,,0.653829,1.0
111,2024-06-19 08:49:11,10.415,2024,6,19,8,49,11,,0.656722,1.0
111,2024-06-19 08:49:12,10.416,2024,6,19,8,49,12,,0.659616,1.0
111,2024-06-19 08:49:13,10.416,2024,6,19,8,49,13,,0.662509,1.0
111,2024-06-19 08:49:14,10.415,2024,6,19,8,49,14,,0.665402,1.0
111,2024-06-19 08:49:15,10.415,2024,6,19,8,49,15,,0.668295,1.0
111,2024-06-19 08:49:16,10.416,2024,6,19,8,49,16,,0.671189,1.0
111,2024-06-19 08:49:17,10.416,2024,6,19,8,49,17,,0.674082,1.0
111,2024-06-19 08:49:18,10.416,2024,6,19,8,49,18,,0.676975,1.0
111,2024-06-19 08:49:19,10.415,2024,6,19,8,49,19,,0.679868,1.0
111,2024-06-19 08:49:20,10.416,2024,6,19,8,49,20,,0.682762,1.0
111,2024-06-19 08:49:21,10.415,2024,6,19,8,49,21,,0.685655,1.0
111,2024-06-19 08:49:22,10.415,2024,6,19,8,49,22,,0.688548,1.0
111,2024-06-19 08:49:23,10.415,2024,6,19,8,49,23,,0.691441,1.0
111,2024-06-19 08:49:24,10.416,2024,6,19,8,49,24,,0.694334,1.0
111,2024-06-19 08:49:25,10.415,2024,6,19,8,49,25,,0.697227,1.0
111,2024-06-19 08:49:26,10.416,2024,6,19,8,49,26,,0.700121,1.0
111,2024-06-19 08:49:27,10.416,2024,6,19,8,49,27,,0.703014,1.0
111,2024-06-19 08:49:28,10.415,2024,6,19,8,49,28,,0.705907,1.0
111,2024-06-19 08:49:29,10.416,2024,6,19,8,49,29,,0.7088,1.0
111,2024-06-19 08:49:30,10.415,2024,6,19,8,49,30,,0.711693,1.0
111,2024-06-19 08:49:31,10.416,2024,6,19,8,49,31,,0.714587,1.0
111,2024-06-19 08:49:32,10.416,2024,6,19,8,49,32,,0.71748,1.0
111,2024-06-19 08:49:33,10.416,2024,6,19,8,49,33,,0.720373,1.0
111,2024-06-19 08:49:34,10.415,2024,6,19,8,49,34,,0.723266,1.0
111,2024-06-19 08:49:35,10.416,2024,6,19,8,49,35,,0.72616,1.0
111,2024-06-19 08:49:36,10.415,2024,6,19,8,49,36,,0.729053,1.0
111,2024-06-19 08:49:37,10.416,2024,6,19,8,49,37,,0.731946,1.0
111,2024-06-19 08:49:38,10.416,2024,6,19,8,49,38,,0.734839,1.0
111,2024-06-19 08:49:39,10.415,2024,6,19,8,49,39,,0.737732,1.0
111,2024-06-19 08:49:40,10.415,2024,6,19,8,49,40,,0.740626,1.0
111,2024-06-19 08:49:41,10.416,2024,6,19,8,49,41,,0.743519,1.0
111,2024-06-19 08:49:42,10.416,2024,6,19,8,49,42,,0.746412,1.0
111,2024-06-19 08:49:43,10.415,2024,6,19,8,49,43,,0.749305,1.0
111,2024-06-19 08:49:44,10.416,2024,6,19,8,49,44,,0.752199,1.0
111,2024-06-19 08:49:45,10.416,2024,6,19,8,49,45,,0.755092,1.0
111,2024-06-19 08:49:46,10.416,2024,6,19,8,49,46,,0.757985,1.0
111,2024-06-19 08:49:47,10.416,2024,6,19,8,49,47,,0.760879,1.0
111,2024-06-19 08:49:48,10.416,2024,6,19,8,49,48,,0.763772,1.0
111,2024-06-19 08:49:49,10.415,2024,6,19,8,49,49,,0.766665,1.0
111,2024-06-19 08:49:50,10.416,2024,6,19,8,49,50,,0.769558,1.0
111,2024-06-19 08:49:51,10.415,2024,6,19,8,49,51,,0.772451,1.0
111,2024-06-19 08:49:52,10.415,2024,6,19,8,49,52,,0.775344,1.0
111,2024-06-19 08:49:53,10.416,2024,6,19,8,49,53,,0.778238,1.0
111,2024-06-19 08:49:54,10.415,2024,6,19,8,49,54,,0.781131,1.0
111,2024-06-19 08:49:55,10.415,2024,6,19,8,49,55,,0.784024,1.0
111,2024-06-19 08:49:56,10.415,2024,6,19,8,49,56,,0.786917,1.0
111,2024-06-19 08:49:57,10.416,2024,6,19,8,49,57,,0.78981,1.0
111,2024-06-19 08:49:58,10.415,2024,6,19,8,49,58,,0.792703,1.0
111,2024-06-19 08:49:59,10.416,2024,6,19,8,49,59,,0.795597,1.0
111,2024-06-19 08:50:00,10.415,2024,6,19,8,50,0,,0.79849,1.0
111,2024-06-19 08:50:01,10.416,2024,6,19,8,50,1,,0.801383,1.0
111,2024-06-19 08:50:02,10.415,2024,6,19,8,50,2,,0.804276,1.0
111,2024-06-19 08:50:03,10.415,2024,6,19,8,50,3,,0.807169,1.0
111,2024-06-19 08:50:04,10.416,2024,6,19,8,50,4,,0.810062,1.0
111,2024-06-19 08:50:05,10.415,2024,6,19,8,50,5,,0.812956,1.0
111,2024-06-19 08:50:06,10.416,2024,6,19,8,50,6,,0.815849,1.0
111,2024-06-19 08:50:07,10.415,2024,6,19,8,50,7,,0.818742,1.0
111,2024-06-19 08:50:08,10.416,2024,6,19,8,50,8,,0.821635,1.0
111,2024-06-19 08:50:09,10.415,2024,6,19,8,50,9,,0.824528,1.0
111,2024-06-19 08:50:10,10.415,2024,6,19,8,50,10,,0.827421,1.0
111,2024-06-19 08:50:11,10.415,2024,6,19,8,50,11,,0.830314,1.0
111,2024-06-19 08:50:12,10.416,2024,6,19,8,50,12,,0.833208,1.0
111,2024-06-19 08:50:13,10.416,2024,6,19,8,50,13,,0.836101,1.0
111,2024-06-19 08:50:14,10.416,2024,6,19,8,50,14,,0.838994,1.0
111,2024-06-19 08:50:15,10.416,2024,6,19,8,50,15,,0.841888,1.0
111,2024-06-19 08:50:16,10.416,2024,6,19,8,50,16,,0.844781,1.0
111,2024-06-19 08:50:17,10.415,2024,6,19,8,50,17,,0.847674,1.0
111,2024-06-19 08:50:18,10.416,2024,6,19,8,50,18,,0.850568,1.0
111,2024-06-19 08:50:19,10.416,2024,6,19,8,50,19,,0.853461,1.0
111,2024-06-19 08:50:20,10.415,2024,6,19,8,50,20,,0.856354,1.0
111,2024-06-19 08:50:21,10.416,2024,6,19,8,50,21,,0.859247,1.0
111,2024-06-19 08:50:22,10.415,2024,6,19,8,50,22,,0.86214,1.0
111,2024-06-19 08:50:23,10.415,2024,6,19,8,50,23,,0.865033,1.0
111,2024-06-19 08:50:24,10.416,2024,6,19,8,50,24,,0.867927,1.0
111,2024-06-19 08:50:25,10.416,2024,6,19,8,50,25,,0.87082,1.0
111,2024-06-19 08:50:26,10.416,2024,6,19,8,50,26,,0.873713,1.0
111,2024-06-19 08:50:27,10.416,2024,6,19,8,50,27,,0.876607,1.0
111,2024-06-19 08:50:28,10.416,2024,6,19,8,50,28,,0.8795,1.0
111,2024-06-19 08:50:29,10.416,2024,6,19,8,50,29,,0.882393,1.0
111,2024-06-19 08:50:30,10.416,2024,6,19,8,50,30,,0.885287,1.0
111,2024-06-19 08:50:31,10.416,2024,6,19,8,50,31,,0.88818,1.0
111,2024-06-19 08:50:32,10.416,2024,6,19,8,50,32,,0.891073,1.0
111,2024-06-19 08:50:33,10.416,2024,6,19,8,50,33,,0.893967,1.0
111,2024-06-19 08:50:34,10.416,2024,6,19,8,50,34,,0.89686,1.0
111,2024-06-19 08:50:35,10.416,2024,6,19,8,50,35,,0.899753,1.0
111,2024-06-19 08:50:36,10.415,2024,6,19,8,50,36,,0.902646,1.0
111,2024-06-19 08:50:37,10.416,2024,6,19,8,50,37,,0.90554,1.0
111,2024-06-19 08:50:38,10.416,2024,6,19,8,50,38,,0.908433,1.0
111,2024-06-19 08:50:39,10.416,2024,6,19,8,50,39,,0.911326,1.0
111,2024-06-19 08:50:40,10.416,2024,6,19,8,50,40,,0.91422,1.0
111,2024-06-19 08:50:41,10.416,2024,6,19,8,50,41,,0.917113,1.0
111,2024-06-19 08:50:42,10.416,2024,6,19,8,50,42,,0.920006,1.0
111,2024-06-19 08:50:43,10.415,2024,6,19,8,50,43,,0.922899,1.0
111,2024-06-19 08:50:44,10.415,2024,6,19,8,50,44,,0.925793,1.0
111,2024-06-19 08:50:45,10.415,2024,6,19,8,50,45,,0.928686,1.0
111,2024-06-19 08:50:46,10.416,2024,6,19,8,50,46,,0.931579,1.0
111,2024-06-19 08:50:47,10.416,2024,6,19,8,50,47,,0.934472,1.0
111,2024-06-19 08:50:48,10.416,2024,6,19,8,50,48,,0.937366,1.0
111,2024-06-19 08:50:49,10.416,2024,6,19,8,50,49,,0.940259,1.0
111,2024-06-19 08:50:50,10.416,2024,6,19,8,50,50,,0.943152,1.0
111,2024-06-19 08:50:51,10.416,2024,6,19,8,50,51,,0.946046,1.0
111,2024-06-19 08:50:52,10.415,2024,6,19,8,50,52,,0.948939,1.0
111,2024-06-19 08:50:53,10.416,2024,6,19,8,50,53,,0.951832,1.0
111,2024-06-19 08:50:54,10.415,2024,6,19,8,50,54,,0.954725,1.0
111,2024-06-19 08:50:55,10.416,2024,6,19,8,50,55,,0.957618,1.0
111,2024-06-19 08:50:56,10.416,2024,6,19,8,50,56,,0.960512,1.0
111,2024-06-19 08:50:57,10.415,2024,6,19,8,50,57,,0.963405,1.0
111,2024-06-19 08:50:58,10.416,2024,6,19,8,50,58,,0.966298,1.0
111,2024-06-19 08:50:59,10.416,2024,6,19,8,50,59,,0.969191,1.0
111,2024-06-19 08:51:00,10.416,2024,6,19,8,51,0,,0.972085,1.0
111,2024-06-19 08:51:01,10.415,2024,6,19,8,51,1,,0.974978,1.0
111,2024-06-19 08:51:02,10.416,2024,6,19,8,51,2,,0.977871,1.0
111,2024-06-19 08:51:03,10.416,2024,6,19,8,51,3,,0.980764,1.0
111,2024-06-19 08:51:04,10.416,2024,6,19,8,51,4,,0.983658,1.0
111,2024-06-19 08:51:05,10.415,2024,6,19,8,51,5,,0.986551,1.0
111,2024-06-19 08:51:06,10.416,2024,6,19,8,51,6,,0.989444,1.0
111,2024-06-19 08:51:07,10.416,2024,6,19,8,51,7,,0.992338,1.0
111,2024-06-19 08:51:08,10.416,2024,6,19,8,51,8,,0.995231,1.0
111,2024-06-19 08:51:09,10.416,2024,6,19,8,51,9,,0.998124,1.0
111,2024-06-19 08:51:10,10.416,2024,6,19,8,51,10,,1.001018,1.0
111,2024-06-19 08:51:11,10.416,2024,6,19,8,51,11,,1.003911,1.0
111,2024-06-19 08:51:12,10.416,2024,6,19,8,51,12,,1.006804,1.0
111,2024-06-19 08:51:13,10.415,2024,6,19,8,51,13,,1.009697,1.0
111,2024-06-19 08:51:14,10.416,2024,6,19,8,51,14,,1.012591,1.0
111,2024-06-19 08:51:15,10.416,2024,6,19,8,51,15,,1.015484,1.0
111,2024-06-19 08:51:16,10.416,2024,6,19,8,51,16,,1.018377,1.0
111,2024-06-19 08:51:17,10.417,2024,6,19,8,51,17,,1.021271,1.0
111,2024-06-19 08:51:18,10.416,2024,6,19,8,51,18,,1.024164,1.0
111,2024-06-19 08:51:19,10.416,2024,6,19,8,51,19,,1.027058,1.0
111,2024-06-19 08:51:20,10.416,2024,6,19,8,51,20,,1.029951,1.0
111,2024-06-19 08:51:21,10.416,2024,6,19,8,51,21,,1.032844,1.0
111,2024-06-19 08:51:22,10.416,2024,6,19,8,51,22,,1.035738,1.0
111,2024-06-19 08:51:23,10.416,2024,6,19,8,51,23,,1.038631,1.0
111,2024-06-19 08:51:24,10.416,2024,6,19,8,51,24,,1.041524,1.0
111,2024-06-19 08:51:25,10.416,2024,6,19,8,51,25,,1.044418,1.0
111,2024-06-19 08:51:26,10.416,2024,6,19,8,51,26,,1.047311,1.0
111,2024-06-19 08:51:27,10.416,2024,6,19,8,51,27,,1.050204,1.0
111,2024-06-19 08:51:28,10.416,2024,6,19,8,51,28,,1.053098,1.0
111,2024-06-19 08:51:29,10.415,2024,6,19,8,51,29,,1.055991,1.0
111,2024-06-19 08:51:30,10.416,2024,6,19,8,51,30,,1.058884,1.0
111,2024-06-19 08:51:31,10.416,2024,6,19,8,51,31,,1.061777,1.0
111,2024-06-19 08:51:32,10.416,2024,6,19,8,51,32,,1.064671,1.0
111,2024-06-19 08:51:33,10.416,2024,6,19,8,51,33,,1.067564,1.0
111,2024-06-19 08:51:34,10.415,2024,6,19,8,51,34,,1.070457,1.0
111,2024-06-19 08:51:35,10.416,2024,6,19,8,51,35,,1.07335,1.0
111,2024-06-19 08:51:36,10.416,2024,6,19,8,51,36,,1.076244,1.0
111,2024-06-19 08:51:37,10.416,2024,6,19,8,51,37,,1.079137,1.0
111,2024-06-19 08:51:38,10.416,2024,6,19,8,51,38,,1.08203,1.0
111,2024-06-19 08:51:39,10.416,2024,6,19,8,51,39,,1.084924,1.0
111,2024-06-19 08:51:40,10.416,2024,6,19,8,51,40,,1.087817,1.0
111,2024-06-19 08:51:41,10.416,2024,6,19,8,51,41,,1.09071,1.0
111,2024-06-19 08:51:42,10.416,2024,6,19,8,51,42,,1.093604,1.0
111,2024-06-19 08:51:43,10.416,2024,6,19,8,51,43,,1.096497,1.0
111,2024-06-19 08:51:44,10.416,2024,6,19,8,51,44,,1.09939,1.0
111,2024-06-19 08:51:45,10.416,2024,6,19,8,51,45,,1.102284,1.0
111,2024-06-19 08:51:46,10.416,2024,6,19,8,51,46,,1.105177,1.0
111,2024-06-19 08:51:47,10.416,2024,6,19,8,51,47,,1.10807,1.0
111,2024-06-19 08:51:48,10.416,2024,6,19,8,51,48,,1.110964,1.0
111,2024-06-19 08:51:49,10.416,2024,6,19,8,51,49,,1.113857,1.0
111,2024-06-19 08:51:50,10.416,2024,6,19,8,51,50,,1.11675,1.0
111,2024-06-19 08:51:51,10.415,2024,6,19,8,51,51,,1.119643,1.0
111,2024-06-19 08:51:52,10.416,2024,6,19,8,51,52,,1.122537,1.0
111,2024-06-19 08:51:53,10.415,2024,6,19,8,51,53,,1.12543,1.0
111,2024-06-19 08:51:54,10.416,2024,6,19,8,51,54,,1.128323,1.0
111,2024-06-19 08:51:55,10.416,2024,6,19,8,51,55,,1.131216,1.0
111,2024-06-19 08:51:56,10.416,2024,6,19,8,51,56,,1.13411,1.0
111,2024-06-19 08:51:57,10.416,2024,6,19,8,51,57,,1.137003,1.0
111,2024-06-19 08:51:58,10.416,2024,6,19,8,51,58,,1.139896,1.0
111,2024-06-19 08:51:59,10.415,2024,6,19,8,51,59,,1.142789,1.0
111,2024-06-19 08:52:00,10.416,2024,6,19,8,52,0,,1.145683,1.0
111,2024-06-19 08:52:01,10.415,2024,6,19,8,52,1,,1.148576,1.0
111,2024-06-19 08:52:02,10.416,2024,6,19,8,52,2,,1.151469,1.0
111,2024-06-19 08:52:03,10.416,2024,6,19,8,52,3,,1.154363,1.0
111,2024-06-19 08:52:04,10.416,2024,6,19,8,52,4,,1.157256,1.0
111,2024-06-19 08:52:05,10.416,2024,6,19,8,52,5,,1.160149,1.0
111,2024-06-19 08:52:06,10.416,2024,6,19,8,52,6,,1.163043,1.0
111,2024-06-19 08:52:07,10.416,2024,6,19,8,52,7,,1.165936,1.0
111,2024-06-19 08:52:08,10.416,2024,6,19,8,52,8,,1.168829,1.0
111,2024-06-19 08:52:09,10.416,2024,6,19,8,52,9,,1.171723,1.0
111,2024-06-19 08:52:10,10.416,2024,6,19,8,52,10,,1.174616,1.0
111,2024-06-19 08:52:11,10.416,2024,6,19,8,52,11,,1.177509,1.0
111,2024-06-19 08:52:12,10.416,2024,6,19,8,52,12,,1.180403,1.0
111,2024-06-19 08:52:13,10.416,2024,6,19,8,52,13,,1.183296,1.0
111,2024-06-19 08:52:14,10.416,2024,6,19,8,52,14,,1.186189,1.0
111,2024-06-19 08:52:15,10.416,2024,6,19,8,52,15,,1.189083,1.0
111,2024-06-19 08:52:16,10.415,2024,6,19,8,52,16,,1.191976,1.0
111,2024-06-19 08:52:17,10.415,2024,6,19,8,52,17,,1.194869,1.0
111,2024-06-19 08:52:18,10.416,2024,6,19,8,52,18,,1.197762,1.0
111,2024-06-19 08:52:19,10.416,2024,6,19,8,52,19,,1.200655,1.0
111,2024-06-19 08:52:20,10.416,2024,6,19,8,52,20,,1.203549,1.0
111,2024-06-19 08:52:21,10.416,2024,6,19,8,52,21,,1.206442,1.0
111,2024-06-19 08:52:22,10.416,2024,6,19,8,52,22,,1.209335,1.0
111,2024-06-19 08:52:23,10.416,2024,6,19,8,52,23,,1.212229,1.0
111,2024-06-19 08:52:24,10.416,2024,6,19,8,52,24,,1.215122,1.0
111,2024-06-19 08:52:25,10.416,2024,6,19,8,52,25,,1.218015,1.0
111,2024-06-19 08:52:26,10.416,2024,6,19,8,52,26,,1.220909,1.0
111,2024-06-19 08:52:27,10.416,2024,6,19,8,52,27,,1.223802,1.0
111,2024-06-19 08:52:28,10.416,2024,6,19,8,52,28,,1.226695,1.0
111,2024-06-19 08:52:29,10.416,2024,6,19,8,52,29,,1.229589,1.0
111,2024-06-19 08:52:30,10.416,2024,6,19,8,52,30,,1.232482,1.0
111,2024-06-19 08:52:31,10.416,2024,6,19,8,52,31,,1.235375,1.0
111,2024-06-19 08:52:32,10.416,2024,6,19,8,52,32,,1.238269,1.0
111,2024-06-19 08:52:33,10.416,2024,6,19,8,52,33,,1.241162,1.0
111,2024-06-19 08:52:34,10.416,2024,6,19,8,52,34,,1.244055,1.0
111,2024-06-19 08:52:35,10.416,2024,6,19,8,52,35,,1.246949,1.0
111,2024-06-19 08:52:36,10.417,2024,6,19,8,52,36,,1.249842,1.0
111,2024-06-19 08:52:37,10.416,2024,6,19,8,52,37,,1.252736,1.0
111,2024-06-19 08:52:38,10.416,2024,6,19,8,52,38,,1.255629,1.0
111,2024-06-19 08:52:39,10.416,2024,6,19,8,52,39,,1.258522,1.0
111,2024-06-19 08:52:40,10.416,2024,6,19,8,52,40,,1.261416,1.0
111,2024-06-19 08:52:41,10.416,2024,6,19,8,52,41,,1.264309,1.0
111,2024-06-19 08:52:42,10.416,2024,6,19,8,52,42,,1.267202,1.0
111,2024-06-19 08:52:43,10.416,2024,6,19,8,52,43,,1.270096,1.0
111,2024-06-19 08:52:44,10.416,2024,6,19,8,52,44,,1.272989,1.0
111,2024-06-19 08:52:45,10.416,2024,6,19,8,52,45,,1.275882,1.0
111,2024-06-19 08:52:46,10.416,2024,6,19,8,52,46,,1.278776,1.0
111,2024-06-19 08:52:47,10.416,2024,6,19,8,52,47,,1.281669,1.0
111,2024-06-19 08:52:48,10.416,2024,6,19,8,52,48,,1.284562,1.0
111,2024-06-19 08:52:49,10.416,2024,6,19,8,52,49,,1.287456,1.0
111,2024-06-19 08:52:50,10.416,2024,6,19,8,52,50,,1.290349,1.0
111,2024-06-19 08:52:51,10.416,2024,6,19,8,52,51,,1.293242,1.0
111,2024-06-19 08:52:52,10.416,2024,6,19,8,52,52,,1.296136,1.0
111,2024-06-19 08:52:53,10.416,2024,6,19,8,52,53,,1.299029,1.0
111,2024-06-19 08:52:54,10.415,2024,6,19,8,52,54,,1.301922,1.0
111,2024-06-19 08:52:55,10.416,2024,6,19,8,52,55,,1.304815,1.0
111,2024-06-19 08:52:56,10.416,2024,6,19,8,52,56,,1.307709,1.0
111,2024-06-19 08:52:57,10.416,2024,6,19,8,52,57,,1.310602,1.0
111,2024-06-19 08:52:58,10.415,2024,6,19,8,52,58,,1.313495,1.0
111,2024-06-19 08:52:59,10.416,2024,6,19,8,52,59,,1.316388,1.0
111,2024-06-19 08:53:00,10.416,2024,6,19,8,53,0,,1.319282,1.0
111,2024-06-19 08:53:01,10.416,2024,6,19,8,53,1,,1.322175,1.0
111,2024-06-19 08:53:02,10.416,2024,6,19,8,53,2,,1.325068,1.0
111,2024-06-19 08:53:03,10.416,2024,6,19,8,53,3,,1.327962,1.0
111,2024-06-19 08:53:04,10.416,2024,6,19,8,53,4,,1.330855,1.0
111,2024-06-19 08:53:05,10.416,2024,6,19,8,53,5,,1.333748,1.0
111,2024-06-19 08:53:06,10.416,2024,6,19,8,53,6,,1.336642,1.0
111,2024-06-19 08:53:07,10.416,2024,6,19,8,53,7,,1.339535,1.0
111,2024-06-19 08:53:08,10.416,2024,6,19,8,53,8,,1.342428,1.0
111,2024-06-19 08:53:09,10.416,2024,6,19,8,53,9,,1.345322,1.0
111,2024-06-19 08:53:10,10.416,2024,6,19,8,53,10,,1.348215,1.0
111,2024-06-19 08:53:11,10.415,2024,6,19,8,53,11,,1.351108,1.0
111,2024-06-19 08:53:12,10.416,2024,6,19,8,53,12,,1.354001,1.0
111,2024-06-19 08:53:13,10.416,2024,6,19,8,53,13,,1.356895,1.0
111,2024-06-19 08:53:14,10.416,2024,6,19,8,53,14,,1.359788,1.0
111,2024-06-19 08:53:15,10.416,2024,6,19,8,53,15,,1.362681,1.0
111,2024-06-19 08:53:16,10.416,2024,6,19,8,53,16,,1.365575,1.0
111,2024-06-19 08:53:17,10.417,2024,6,19,8,53,17,,1.368468,1.0
111,2024-06-19 08:53:18,10.416,2024,6,19,8,53,18,,1.371362,1.0
111,2024-06-19 08:53:19,10.417,2024,6,19,8,53,19,,1.374255,1.0
111,2024-06-19 08:53:20,10.416,2024,6,19,8,53,20,,1.377149,1.0
111,2024-06-19 08:53:21,10.416,2024,6,19,8,53,21,,1.380042,1.0
111,2024-06-19 08:53:22,10.416,2024,6,19,8,53,22,,1.382935,1.0
111,2024-06-19 08:53:23,10.416,2024,6,19,8,53,23,,1.385829,1.0
111,2024-06-19 08:53:24,10.416,2024,6,19,8,53,24,,1.388722,1.0
111,2024-06-19 08:53:25,10.416,2024,6,19,8,53,25,,1.391615,1.0
111,2024-06-19 08:53:26,10.416,2024,6,19,8,53,26,,1.394509,1.0
111,2024-06-19 08:53:27,10.416,2024,6,19,8,53,27,,1.397402,1.0
111,2024-06-19 08:53:28,10.416,2024,6,19,8,53,28,,1.400295,1.0
111,2024-06-19 08:53:29,10.416,2024,6,19,8,53,29,,1.403189,1.0
111,2024-06-19 08:53:30,10.416,2024,6,19,8,53,30,,1.406082,1.0
111,2024-06-19 08:53:31,10.416,2024,6,19,8,53,31,,1.408975,1.0
111,2024-06-19 08:53:32,10.416,2024,6,19,8,53,32,,1.411869,1.0
111,2024-06-19 08:53:33,10.416,2024,6,19,8,53,33,,1.414762,1.0
111,2024-06-19 08:53:34,10.416,2024,6,19,8,53,34,,1.417655,1.0
111,2024-06-19 08:53:35,10.415,2024,6,19,8,53,35,,1.420548,1.0
111,2024-06-19 08:53:36,10.416,2024,6,19,8,53,36,,1.423442,1.0
111,2024-06-19 08:53:37,10.416,2024,6,19,8,53,37,,1.426335,1.0
111,2024-06-19 08:53:38,10.416,2024,6,19,8,53,38,,1.429228,1.0
111,2024-06-19 08:53:39,10.416,2024,6,19,8,53,39,,1.432122,1.0
111,2024-06-19 08:53:40,10.416,2024,6,19,8,53,40,,1.435015,1.0
111,2024-06-19 08:53:41,10.416,2024,6,19,8,53,41,,1.437908,1.0
111,2024-06-19 08:53:42,10.416,2024,6,19,8,53,42,,1.440802,1.0
111,2024-06-19 08:53:43,10.416,2024,6,19,8,53,43,,1.443695,1.0
111,2024-06-19 08:53:44,10.416,2024,6,19,8,53,44,,1.446588,1.0
111,2024-06-19 08:53:45,10.416,2024,6,19,8,53,45,,1.449482,1.0
111,2024-06-19 08:53:46,10.416,2024,6,19,8,53,46,,1.452375,1.0
111,2024-06-19 08:53:47,10.416,2024,6,19,8,53,47,,1.455268,1.0
111,2024-06-19 08:53:48,10.416,2024,6,19,8,53,48,,1.458162,1.0
111,2024-06-19 08:53:49,10.416,2024,6,19,8,53,49,,1.461055,1.0
111,2024-06-19 08:53:50,10.416,2024,6,19,8,53,50,,1.463948,1.0
111,2024-06-19 08:53:51,10.416,2024,6,19,8,53,51,,1.466842,1.0
111,2024-06-19 08:53:52,10.416,2024,6,19,8,53,52,,1.469735,1.0
111,2024-06-19 08:53:53,10.416,2024,6,19,8,53,53,,1.472628,1.0
111,2024-06-19 08:53:54,10.415,2024,6,19,8,53,54,,1.475521,1.0
111,2024-06-19 08:53:55,10.416,2024,6,19,8,53,55,,1.478415,1.0
111,2024-06-19 08:53:56,10.416,2024,6,19,8,53,56,,1.481308,1.0
111,2024-06-19 08:53:57,10.416,2024,6,19,8,53,57,,1.484201,1.0
111,2024-06-19 08:53:58,10.416,2024,6,19,8,53,58,,1.487095,1.0
111,2024-06-19 08:53:59,10.416,2024,6,19,8,53,59,,1.489988,1.0
111,2024-06-19 08:54:00,10.416,2024,6,19,8,54,0,,1.492881,1.0
111,2024-06-19 08:54:01,10.416,2024,6,19,8,54,1,,1.495775,1.0
111,2024-06-19 08:54:02,10.416,2024,6,19,8,54,2,,1.498668,1.0
111,2024-06-19 08:54:03,10.416,2024,6,19,8,54,3,,1.501561,1.0
111,2024-06-19 08:54:04,10.416,2024,6,19,8,54,4,,1.504455,1.0
111,2024-06-19 08:54:05,10.417,2024,6,19,8,54,5,,1.507348,1.0
111,2024-06-19 08:54:06,10.416,2024,6,19,8,54,6,,1.510242,1.0
111,2024-06-19 08:54:07,10.416,2024,6,19,8,54,7,,1.513135,1.0
111,2024-06-19 08:54:08,10.416,2024,6,19,8,54,8,,1.516028,1.0
111,2024-06-19 08:54:09,10.416,2024,6,19,8,54,9,,1.518922,1.0
111,2024-06-19 08:54:10,10.416,2024,6,19,8,54,10,,1.521815,1.0
111,2024-06-19 08:54:11,10.416,2024,6,19,8,54,11,,1.524708,1.0
111,2024-06-19 08:54:12,10.417,2024,6,19,8,54,12,,1.527602,1.0
111,2024-06-19 08:54:13,10.416,2024,6,19,8,54,13,,1.530495,1.0
111,2024-06-19 08:54:14,10.415,2024,6,19,8,54,14,,1.533388,1.0
111,2024-06-19 08:54:15,10.416,2024,6,19,8,54,15,,1.536282,1.0
111,2024-06-19 08:54:16,10.416,2024,6,19,8,54,16,,1.539175,1.0
111,2024-06-19 08:54:17,10.416,2024,6,19,8,54,17,,1.542068,1.0
111,2024-06-19 08:54:18,10.416,2024,6,19,8,54,18,,1.544962,1.0
111,2024-06-19 08:54:19,10.416,2024,6,19,8,54,19,,1.547855,1.0
111,2024-06-19 08:54:20,10.416,2024,6,19,8,54,20,,1.550748,1.0
111,2024-06-19 08:54:21,10.416,2024,6,19,8,54,21,,1.553642,1.0
111,2024-06-19 08:54:22,10.416,2024,6,19,8,54,22,,1.556535,1.0
111,2024-06-19 08:54:23,10.416,2024,6,19,8,54,23,,1.559428,1.0
111,2024-06-19 08:54:24,10.416,2024,6,19,8,54,24,,1.562322,1.0
111,2024-06-19 08:54:25,10.416,2024,6,19,8,54,25,,1.565215,1.0
111,2024-06-19 08:54:26,10.416,2024,6,19,8,54,26,,1.568108,1.0
111,2024-06-19 08:54:27,10.416,2024,6,19,8,54,27,,1.571002,1.0
111,2024-06-19 08:54:28,10.416,2024,6,19,8,54,28,,1.573895,1.0
111,2024-06-19 08:54:29,10.416,2024,6,19,8,54,29,,1.576788,1.0
111,2024-06-19 08:54:30,10.416,2024,6,19,8,54,30,,1.579682,1.0
111,2024-06-19 08:54:31,10.416,2024,6,19,8,54,31,,1.582575,1.0
111,2024-06-19 08:54:32,10.417,2024,6,19,8,54,32,,1.585469,1.0
111,2024-06-19 08:54:33,10.417,2024,6,19,8,54,33,,1.588362,1.0
111,2024-06-19 08:54:34,10.416,2024,6,19,8,54,34,,1.591256,1.0
111,2024-06-19 08:54:35,10.416,2024,6,19,8,54,35,,1.594149,1.0
111,2024-06-19 08:54:36,10.416,2024,6,19,8,54,36,,1.597042,1.0
111,2024-06-19 08:54:37,10.416,2024,6,19,8,54,37,,1.599936,1.0
111,2024-06-19 08:54:38,10.416,2024,6,19,8,54,38,,1.602829,1.0
111,2024-06-19 08:54:39,10.416,2024,6,19,8,54,39,,1.605722,1.0
111,2024-06-19 08:54:40,10.416,2024,6,19,8,54,40,,1.608616,1.0
111,2024-06-19 08:54:41,10.416,2024,6,19,8,54,41,,1.611509,1.0
111,2024-06-19 08:54:42,10.416,2024,6,19,8,54,42,,1.614402,1.0
111,2024-06-19 08:54:43,10.416,2024,6,19,8,54,43,,1.617296,1.0
111,2024-06-19 08:54:44,10.416,2024,6,19,8,54,44,,1.620189,1.0
111,2024-06-19 08:54:45,10.417,2024,6,19,8,54,45,,1.623083,1.0
111,2024-06-19 08:54:46,10.416,2024,6,19,8,54,46,,1.625976,1.0
111,2024-06-19 08:54:47,10.417,2024,6,19,8,54,47,,1.628869,1.0
111,2024-06-19 08:54:48,10.416,2024,6,19,8,54,48,,1.631763,1.0
111,2024-06-19 08:54:49,10.416,2024,6,19,8,54,49,,1.634656,1.0
111,2024-06-19 08:54:50,10.417,2024,6,19,8,54,50,,1.63755,1.0
111,2024-06-19 08:54:51,10.417,2024,6,19,8,54,51,,1.640443,1.0
111,2024-06-19 08:54:52,10.416,2024,6,19,8,54,52,,1.643337,1.0
111,2024-06-19 08:54:53,10.416,2024,6,19,8,54,53,,1.64623,1.0
111,2024-06-19 08:54:54,10.416,2024,6,19,8,54,54,,1.649123,1.0
111,2024-06-19 08:54:55,10.416,2024,6,19,8,54,55,,1.652017,1.0
111,2024-06-19 08:54:56,10.417,2024,6,19,8,54,56,,1.65491,1.0
111,2024-06-19 08:54:57,10.416,2024,6,19,8,54,57,,1.657804,1.0
111,2024-06-19 08:54:58,10.416,2024,6,19,8,54,58,,1.660697,1.0
111,2024-06-19 08:54:59,10.416,2024,6,19,8,54,59,,1.66359,1.0
111,2024-06-19 08:55:00,10.416,2024,6,19,8,55,0,,1.666484,1.0
111,2024-06-19 08:55:01,10.416,2024,6,19,8,55,1,,1.669377,1.0
111,2024-06-19 08:55:02,10.416,2024,6,19,8,55,2,,1.67227,1.0
111,2024-06-19 08:55:03,10.416,2024,6,19,8,55,3,,1.675164,1.0
111,2024-06-19 08:55:04,10.417,2024,6,19,8,55,4,,1.678057,1.0
111,2024-06-19 08:55:05,10.417,2024,6,19,8,55,5,,1.680951,1.0
111,2024-06-19 08:55:06,10.416,2024,6,19,8,55,6,,1.683844,1.0
111,2024-06-19 08:55:07,10.416,2024,6,19,8,55,7,,1.686738,1.0
111,2024-06-19 08:55:08,10.417,2024,6,19,8,55,8,,1.689631,1.0
111,2024-06-19 08:55:09,10.416,2024,6,19,8,55,9,,1.692524,1.0
111,2024-06-19 08:55:10,10.417,2024,6,19,8,55,10,,1.695418,1.0
111,2024-06-19 08:55:11,10.416,2024,6,19,8,55,11,,1.698311,1.0
111,2024-06-19 08:55:12,10.416,2024,6,19,8,55,12,,1.701205,1.0
111,2024-06-19 08:55:13,10.417,2024,6,19,8,55,13,,1.704098,1.0
111,2024-06-19 08:55:14,10.417,2024,6,19,8,55,14,,1.706992,1.0
111,2024-06-19 08:55:15,10.416,2024,6,19,8,55,15,,1.709885,1.0
111,2024-06-19 08:55:16,10.416,2024,6,19,8,55,16,,1.712779,1.0
111,2024-06-19 08:55:17,10.416,2024,6,19,8,55,17,,1.715672,1.0
111,2024-06-19 08:55:18,10.416,2024,6,19,8,55,18,,1.718565,1.0
111,2024-06-19 08:55:19,10.416,2024,6,19,8,55,19,,1.721459,1.0
111,2024-06-19 08:55:20,10.416,2024,6,19,8,55,20,,1.724352,1.0
111,2024-06-19 08:55:21,10.416,2024,6,19,8,55,21,,1.727245,1.0
111,2024-06-19 08:55:22,10.416,2024,6,19,8,55,22,,1.730139,1.0
111,2024-06-19 08:55:23,10.417,2024,6,19,8,55,23,,1.733032,1.0
111,2024-06-19 08:55:24,10.417,2024,6,19,8,55,24,,1.735926,1.0
111,2024-06-19 08:55:25,10.416,2024,6,19,8,55,25,,1.738819,1.0
111,2024-06-19 08:55:26,10.417,2024,6,19,8,55,26,,1.741713,1.0
111,2024-06-19 08:55:27,10.416,2024,6,19,8,55,27,,1.744606,1.0
111,2024-06-19 08:55:28,10.416,2024,6,19,8,55,28,,1.747499,1.0
111,2024-06-19 08:55:29,10.416,2024,6,19,8,55,29,,1.750393,1.0
111,2024-06-19 08:55:30,10.416,2024,6,19,8,55,30,,1.753286,1.0
111,2024-06-19 08:55:31,10.416,2024,6,19,8,55,31,,1.756179,1.0
111,2024-06-19 08:55:32,10.416,2024,6,19,8,55,32,,1.759073,1.0
111,2024-06-19 08:55:33,10.416,2024,6,19,8,55,33,,1.761966,1.0
111,2024-06-19 08:55:34,10.416,2024,6,19,8,55,34,,1.764859,1.0
111,2024-06-19 08:55:35,10.416,2024,6,19,8,55,35,,1.767753,1.0
111,2024-06-19 08:55:36,10.416,2024,6,19,8,55,36,,1.770646,1.0
111,2024-06-19 08:55:37,10.416,2024,6,19,8,55,37,,1.773539,1.0
111,2024-06-19 08:55:38,10.416,2024,6,19,8,55,38,,1.776433,1.0
111,2024-06-19 08:55:39,10.416,2024,6,19,8,55,39,,1.779326,1.0
111,2024-06-19 08:55:40,10.416,2024,6,19,8,55,40,,1.782219,1.0
111,2024-06-19 08:55:41,10.416,2024,6,19,8,55,41,,1.785113,1.0
111,2024-06-19 08:55:42,10.416,2024,6,19,8,55,42,,1.788006,1.0
111,2024-06-19 08:55:43,10.417,2024,6,19,8,55,43,,1.7909,1.0
111,2024-06-19 08:55:44,10.417,2024,6,19,8,55,44,,1.793793,1.0
111,2024-06-19 08:55:45,10.417,2024,6,19,8,55,45,,1.796687,1.0
111,2024-06-19 08:55:46,10.417,2024,6,19,8,55,46,,1.799581,1.0
111,2024-06-19 08:55:47,10.417,2024,6,19,8,55,47,,1.802474,1.0
111,2024-06-19 08:55:48,10.416,2024,6,19,8,55,48,,1.805368,1.0
111,2024-06-19 08:55:49,10.416,2024,6,19,8,55,49,,1.808261,1.0
111,2024-06-19 08:55:50,10.417,2024,6,19,8,55,50,,1.811154,1.0
111,2024-06-19 08:55:51,10.416,2024,6,19,8,55,51,,1.814048,1.0
111,2024-06-19 08:55:52,10.416,2024,6,19,8,55,52,,1.816941,1.0
111,2024-06-19 08:55:53,10.416,2024,6,19,8,55,53,,1.819834,1.0
111,2024-06-19 08:55:54,10.416,2024,6,19,8,55,54,,1.822728,1.0
111,2024-06-19 08:55:55,10.416,2024,6,19,8,55,55,,1.825621,1.0
111,2024-06-19 08:55:56,10.417,2024,6,19,8,55,56,,1.828515,1.0
111,2024-06-19 08:55:57,10.416,2024,6,19,8,55,57,,1.831408,1.0
111,2024-06-19 08:55:58,10.416,2024,6,19,8,55,58,,1.834301,1.0
111,2024-06-19 08:55:59,10.416,2024,6,19,8,55,59,,1.837195,1.0
111,2024-06-19 08:56:00,10.416,2024,6,19,8,56,0,,1.840088,1.0
111,2024-06-19 08:56:01,10.416,2024,6,19,8,56,1,,1.842981,1.0
111,2024-06-19 08:56:02,10.417,2024,6,19,8,56,2,,1.845875,1.0
111,2024-06-19 08:56:03,10.417,2024,6,19,8,56,3,,1.848769,1.0
111,2024-06-19 08:56:04,10.416,2024,6,19,8,56,4,,1.851662,1.0
111,2024-06-19 08:56:05,10.416,2024,6,19,8,56,5,,1.854555,1.0
111,2024-06-19 08:56:06,10.416,2024,6,19,8,56,6,,1.857449,1.0
111,2024-06-19 08:56:07,10.417,2024,6,19,8,56,7,,1.860342,1.0
111,2024-06-19 08:56:08,10.417,2024,6,19,8,56,8,,1.863236,1.0
111,2024-06-19 08:56:09,10.417,2024,6,19,8,56,9,,1.866129,1.0
111,2024-06-19 08:56:10,10.417,2024,6,19,8,56,10,,1.869023,1.0
111,2024-06-19 08:56:11,10.417,2024,6,19,8,56,11,,1.871917,1.0
111,2024-06-19 08:56:12,10.416,2024,6,19,8,56,12,,1.87481,1.0
111,2024-06-19 08:56:13,10.416,2024,6,19,8,56,13,,1.877703,1.0
111,2024-06-19 08:56:14,10.417,2024,6,19,8,56,14,,1.880597,1.0
111,2024-06-19 08:56:15,10.417,2024,6,19,8,56,15,,1.883491,1.0
111,2024-06-19 08:56:16,10.417,2024,6,19,8,56,16,,1.886384,1.0
111,2024-06-19 08:56:17,10.416,2024,6,19,8,56,17,,1.889278,1.0
111,2024-06-19 08:56:18,10.416,2024,6,19,8,56,18,,1.892171,1.0
111,2024-06-19 08:56:19,10.416,2024,6,19,8,56,19,,1.895064,1.0
111,2024-06-19 08:56:20,10.417,2024,6,19,8,56,20,,1.897958,1.0
111,2024-06-19 08:56:21,10.416,2024,6,19,8,56,21,,1.900851,1.0
111,2024-06-19 08:56:22,10.416,2024,6,19,8,56,22,,1.903744,1.0
111,2024-06-19 08:56:23,10.416,2024,6,19,8,56,23,,1.906638,1.0
111,2024-06-19 08:56:24,10.415,2024,6,19,8,56,24,,1.909531,1.0
111,2024-06-19 08:56:25,10.416,2024,6,19,8,56,25,,1.912424,1.0
111,2024-06-19 08:56:26,10.416,2024,6,19,8,56,26,,1.915318,1.0
111,2024-06-19 08:56:27,10.416,2024,6,19,8,56,27,,1.918211,1.0
111,2024-06-19 08:56:28,10.416,2024,6,19,8,56,28,,1.921104,1.0
111,2024-06-19 08:56:29,10.416,2024,6,19,8,56,29,,1.923998,1.0
111,2024-06-19 08:56:30,10.416,2024,6,19,8,56,30,,1.926891,1.0
111,2024-06-19 08:56:31,10.416,2024,6,19,8,56,31,,1.929784,1.0
111,2024-06-19 08:56:32,10.416,2024,6,19,8,56,32,,1.932678,1.0
111,2024-06-19 08:56:33,10.416,2024,6,19,8,56,33,,1.935571,1.0
111,2024-06-19 08:56:34,10.416,2024,6,19,8,56,34,,1.938464,1.0
111,2024-06-19 08:56:35,10.416,2024,6,19,8,56,35,,1.941358,1.0
111,2024-06-19 08:56:36,10.416,2024,6,19,8,56,36,,1.944251,1.0
111,2024-06-19 08:56:37,10.416,2024,6,19,8,56,37,,1.947144,1.0
111,2024-06-19 08:56:38,10.416,2024,6,19,8,56,38,,1.950038,1.0
111,2024-06-19 08:56:39,10.417,2024,6,19,8,56,39,,1.952931,1.0
111,2024-06-19 08:56:40,10.417,2024,6,19,8,56,40,,1.955825,1.0
111,2024-06-19 08:56:41,10.416,2024,6,19,8,56,41,,1.958718,1.0
111,2024-06-19 08:56:42,10.416,2024,6,19,8,56,42,,1.961611,1.0
111,2024-06-19 08:56:43,10.416,2024,6,19,8,56,43,,1.964505,1.0
111,2024-06-19 08:56:44,10.416,2024,6,19,8,56,44,,1.967398,1.0
111,2024-06-19 08:56:45,10.416,2024,6,19,8,56,45,,1.970291,1.0
111,2024-06-19 08:56:46,10.417,2024,6,19,8,56,46,,1.973185,1.0
111,2024-06-19 08:56:47,10.416,2024,6,19,8,56,47,,1.976078,1.0
111,2024-06-19 08:56:48,10.416,2024,6,19,8,56,48,,1.978972,1.0
111,2024-06-19 08:56:49,10.416,2024,6,19,8,56,49,,1.981865,1.0
111,2024-06-19 08:56:50,10.416,2024,6,19,8,56,50,,1.984758,1.0
111,2024-06-19 08:56:51,10.417,2024,6,19,8,56,51,,1.987652,1.0
111,2024-06-19 08:56:52,10.416,2024,6,19,8,56,52,,1.990545,1.0
111,2024-06-19 08:56:53,10.416,2024,6,19,8,56,53,,1.993439,1.0
111,2024-06-19 08:56:54,10.416,2024,6,19,8,56,54,,1.996332,1.0
111,2024-06-19 08:56:55,10.416,2024,6,19,8,56,55,,1.999225,1.0
111,2024-06-19 08:56:56,10.416,2024,6,19,8,56,56,,2.002119,1.0
111,2024-06-19 08:56:57,10.416,2024,6,19,8,56,57,,2.005012,1.0
111,2024-06-19 08:56:58,10.416,2024,6,19,8,56,58,,2.007905,1.0
111,2024-06-19 08:56:59,10.416,2024,6,19,8,56,59,,2.010799,1.0
111,2024-06-19 08:57:00,10.416,2024,6,19,8,57,0,,2.013692,1.0
111,2024-06-19 08:57:01,10.416,2024,6,19,8,57,1,,2.016585,1.0
111,2024-06-19 08:57:02,10.416,2024,6,19,8,57,2,,2.019479,1.0
111,2024-06-19 08:57:03,10.416,2024,6,19,8,57,3,,2.022372,1.0
111,2024-06-19 08:57:04,10.417,2024,6,19,8,57,4,,2.025266,1.0
111,2024-06-19 08:57:05,10.416,2024,6,19,8,57,5,,2.028159,1.0
111,2024-06-19 08:57:06,10.416,2024,6,19,8,57,6,,2.031052,1.0
111,2024-06-19 08:57:07,10.417,2024,6,19,8,57,7,,2.033946,1.0
111,2024-06-19 08:57:08,10.416,2024,6,19,8,57,8,,2.036839,1.0
111,2024-06-19 08:57:09,10.416,2024,6,19,8,57,9,,2.039733,1.0
111,2024-06-19 08:57:10,10.416,2024,6,19,8,57,10,,2.042626,1.0
111,2024-06-19 08:57:11,10.416,2024,6,19,8,57,11,,2.045519,1.0
111,2024-06-19 08:57:12,10.416,2024,6,19,8,57,12,,2.048413,1.0
111,2024-06-19 08:57:13,10.417,2024,6,19,8,57,13,,2.051306,1.0
111,2024-06-19 08:57:14,10.416,2024,6,19,8,57,14,,2.054199,1.0
111,2024-06-19 08:57:15,10.416,2024,6,19,8,57,15,,2.057093,1.0
111,2024-06-19 08:57:16,10.416,2024,6,19,8,57,16,,2.059986,1.0
111,2024-06-19 08:57:17,10.416,2024,6,19,8,57,17,,2.062879,1.0
111,2024-06-19 08:57:18,10.416,2024,6,19,8,57,18,,2.065773,1.0
111,2024-06-19 08:57:19,10.416,2024,6,19,8,57,19,,2.068666,1.0
111,2024-06-19 08:57:20,10.416,2024,6,19,8,57,20,,2.071559,1.0
111,2024-06-19 08:57:21,10.417,2024,6,19,8,57,21,,2.074453,1.0
111,2024-06-19 08:57:22,10.416,2024,6,19,8,57,22,,2.077346,1.0
111,2024-06-19 08:57:23,10.416,2024,6,19,8,57,23,,2.08024,1.0
111,2024-06-19 08:57:24,10.416,2024,6,19,8,57,24,,2.083133,1.0
111,2024-06-19 08:57:25,10.416,2024,6,19,8,57,25,,2.086026,1.0
111,2024-06-19 08:57:26,10.416,2024,6,19,8,57,26,,2.08892,1.0
111,2024-06-19 08:57:27,10.417,2024,6,19,8,57,27,,2.091813,1.0
111,2024-06-19 08:57:28,10.416,2024,6,19,8,57,28,,2.094707,1.0
111,2024-06-19 08:57:29,10.416,2024,6,19,8,57,29,,2.0976,1.0
111,2024-06-19 08:57:30,10.416,2024,6,19,8,57,30,,2.100493,1.0
111,2024-06-19 08:57:31,10.416,2024,6,19,8,57,31,,2.103387,1.0
111,2024-06-19 08:57:32,10.416,2024,6,19,8,57,32,,2.10628,1.0
111,2024-06-19 08:57:33,10.417,2024,6,19,8,57,33,,2.109174,1.0
111,2024-06-19 08:57:34,10.416,2024,6,19,8,57,34,,2.112067,1.0
111,2024-06-19 08:57:35,10.417,2024,6,19,8,57,35,,2.114961,1.0
111,2024-06-19 08:57:36,10.416,2024,6,19,8,57,36,,2.117854,1.0
111,2024-06-19 08:57:37,10.416,2024,6,19,8,57,37,,2.120747,1.0
111,2024-06-19 08:57:38,10.416,2024,6,19,8,57,38,,2.123641,1.0
111,2024-06-19 08:57:39,10.417,2024,6,19,8,57,39,,2.126534,1.0
111,2024-06-19 08:57:40,10.416,2024,6,19,8,57,40,,2.129428,1.0
111,2024-06-19 08:57:41,10.416,2024,6,19,8,57,41,,2.132321,1.0
111,2024-06-19 08:57:42,10.416,2024,6,19,8,57,42,,2.135214,1.0
111,2024-06-19 08:57:43,10.416,2024,6,19,8,57,43,,2.138108,1.0
111,2024-06-19 08:57:44,10.416,2024,6,19,8,57,44,,2.141001,1.0
111,2024-06-19 08:57:45,10.416,2024,6,19,8,57,45,,2.143894,1.0
111,2024-06-19 08:57:46,10.416,2024,6,19,8,57,46,,2.146788,1.0
111,2024-06-19 08:57:47,10.416,2024,6,19,8,57,47,,2.149681,1.0
111,2024-06-19 08:57:48,10.417,2024,6,19,8,57,48,,2.152574,1.0
111,2024-06-19 08:57:49,10.416,2024,6,19,8,57,49,,2.155468,1.0
111,2024-06-19 08:57:50,10.416,2024,6,19,8,57,50,,2.158361,1.0
111,2024-06-19 08:57:51,10.416,2024,6,19,8,57,51,,2.161254,1.0
111,2024-06-19 08:57:52,10.416,2024,6,19,8,57,52,,2.164148,1.0
111,2024-06-19 08:57:53,10.417,2024,6,19,8,57,53,,2.167041,1.0
111,2024-06-19 08:57:54,10.416,2024,6,19,8,57,54,,2.169935,1.0
111,2024-06-19 08:57:55,10.416,2024,6,19,8,57,55,,2.172828,1.0
111,2024-06-19 08:57:56,10.416,2024,6,19,8,57,56,,2.175721,1.0
111,2024-06-19 08:57:57,10.416,2024,6,19,8,57,57,,2.178615,1.0
111,2024-06-19 08:57:58,10.416,2024,6,19,8,57,58,,2.181508,1.0
111,2024-06-19 08:57:59,10.416,2024,6,19,8,57,59,,2.184401,1.0
111,2024-06-19 08:58:00,10.416,2024,6,19,8,58,0,,2.187295,1.0
111,2024-06-19 08:58:01,10.416,2024,6,19,8,58,1,,2.190188,1.0
111,2024-06-19 08:58:02,10.416,2024,6,19,8,58,2,,2.193081,1.0
111,2024-06-19 08:58:03,10.416,2024,6,19,8,58,3,,2.195975,1.0
111,2024-06-19 08:58:04,10.416,2024,6,19,8,58,4,,2.198868,1.0
111,2024-06-19 08:58:05,10.417,2024,6,19,8,58,5,,2.201762,1.0
111,2024-06-19 08:58:06,10.417,2024,6,19,8,58,6,,2.204655,1.0
111,2024-06-19 08:58:07,10.416,2024,6,19,8,58,7,,2.207549,1.0
111,2024-06-19 08:58:08,10.416,2024,6,19,8,58,8,,2.210442,1.0
111,2024-06-19 08:58:09,10.416,2024,6,19,8,58,9,,2.213335,1.0
111,2024-06-19 08:58:10,10.416,2024,6,19,8,58,10,,2.216229,1.0
111,2024-06-19 08:58:11,10.417,2024,6,19,8,58,11,,2.219122,1.0
111,2024-06-19 08:58:12,10.417,2024,6,19,8,58,12,,2.222016,1.0
111,2024-06-19 08:58:13,10.416,2024,6,19,8,58,13,,2.224909,1.0
111,2024-06-19 08:58:14,10.417,2024,6,19,8,58,14,,2.227803,1.0
111,2024-06-19 08:58:15,10.416,2024,6,19,8,58,15,,2.230696,1.0
111,2024-06-19 08:58:16,10.417,2024,6,19,8,58,16,,2.23359,1.0
111,2024-06-19 08:58:17,10.416,2024,6,19,8,58,17,,2.236483,1.0
111,2024-06-19 08:58:18,10.416,2024,6,19,8,58,18,,2.239376,1.0
111,2024-06-19 08:58:19,10.416,2024,6,19,8,58,19,,2.24227,1.0
111,2024-06-19 08:58:20,10.417,2024,6,19,8,58,20,,2.245163,1.0
111,2024-06-19 08:58:21,10.416,2024,6,19,8,58,21,,2.248057,1.0
111,2024-06-19 08:58:22,10.417,2024,6,19,8,58,22,,2.25095,1.0
111,2024-06-19 08:58:23,10.417,2024,6,19,8,58,23,,2.253844,1.0
111,2024-06-19 08:58:24,10.416,2024,6,19,8,58,24,,2.256737,1.0
111,2024-06-19 08:58:25,10.417,2024,6,19,8,58,25,,2.259631,1.0
111,2024-06-19 08:58:26,10.416,2024,6,19,8,58,26,,2.262524,1.0
111,2024-06-19 08:58:27,10.416,2024,6,19,8,58,27,,2.265418,1.0
111,2024-06-19 08:58:28,10.417,2024,6,19,8,58,28,,2.268311,1.0
111,2024-06-19 08:58:29,10.416,2024,6,19,8,58,29,,2.271204,1.0
111,2024-06-19 08:58:30,10.417,2024,6,19,8,58,30,,2.274098,1.0
111,2024-06-19 08:58:31,10.417,2024,6,19,8,58,31,,2.276992,1.0
111,2024-06-19 08:58:32,10.416,2024,6,19,8,58,32,,2.279885,1.0
111,2024-06-19 08:58:33,10.416,2024,6,19,8,58,33,,2.282778,1.0
111,2024-06-19 08:58:34,10.416,2024,6,19,8,58,34,,2.285672,1.0
111,2024-06-19 08:58:35,10.417,2024,6,19,8,58,35,,2.288565,1.0
111,2024-06-19 08:58:36,10.416,2024,6,19,8,58,36,,2.291459,1.0
111,2024-06-19 08:58:37,10.416,2024,6,19,8,58,37,,2.294352,1.0
111,2024-06-19 08:58:38,10.416,2024,6,19,8,58,38,,2.297245,1.0
111,2024-06-19 08:58:39,10.416,2024,6,19,8,58,39,,2.300139,1.0
111,2024-06-19 08:58:40,10.416,2024,6,19,8,58,40,,2.303032,1.0
111,2024-06-19 08:58:41,10.416,2024,6,19,8,58,41,,2.305925,1.0
111,2024-06-19 08:58:42,10.416,2024,6,19,8,58,42,,2.308819,1.0
111,2024-06-19 08:58:43,10.416,2024,6,19,8,58,43,,2.311712,1.0
111,2024-06-19 08:58:44,10.417,2024,6,19,8,58,44,,2.314606,1.0
111,2024-06-19 08:58:45,10.416,2024,6,19,8,58,45,,2.317499,1.0
111,2024-06-19 08:58:46,10.417,2024,6,19,8,58,46,,2.320393,1.0
111,2024-06-19 08:58:47,10.416,2024,6,19,8,58,47,,2.323286,1.0
111,2024-06-19 08:58:48,10.417,2024,6,19,8,58,48,,2.326179,1.0
111,2024-06-19 08:58:49,10.416,2024,6,19,8,58,49,,2.329073,1.0
111,2024-06-19 08:58:50,10.416,2024,6,19,8,58,50,,2.331966,1.0
111,2024-06-19 08:58:51,10.417,2024,6,19,8,58,51,,2.33486,1.0
111,2024-06-19 08:58:52,10.416,2024,6,19,8,58,52,,2.337753,1.0
111,2024-06-19 08:58:53,10.417,2024,6,19,8,58,53,,2.340647,1.0
111,2024-06-19 08:58:54,10.417,2024,6,19,8,58,54,,2.34354,1.0
111,2024-06-19 08:58:55,10.417,2024,6,19,8,58,55,,2.346434,1.0
111,2024-06-19 08:58:56,10.417,2024,6,19,8,58,56,,2.349328,1.0
111,2024-06-19 08:58:57,10.416,2024,6,19,8,58,57,,2.352221,1.0
111,2024-06-19 08:58:58,10.416,2024,6,19,8,58,58,,2.355114,1.0
111,2024-06-19 08:58:59,10.416,2024,6,19,8,58,59,,2.358008,1.0
111,2024-06-19 08:59:00,10.416,2024,6,19,8,59,0,,2.360901,1.0
111,2024-06-19 08:59:01,10.417,2024,6,19,8,59,1,,2.363794,1.0
111,2024-06-19 08:59:02,10.416,2024,6,19,8,59,2,,2.366688,1.0
111,2024-06-19 08:59:03,10.417,2024,6,19,8,59,3,,2.369581,1.0
111,2024-06-19 08:59:04,10.416,2024,6,19,8,59,4,,2.372475,1.0
111,2024-06-19 08:59:05,10.417,2024,6,19,8,59,5,,2.375368,1.0
111,2024-06-19 08:59:06,10.416,2024,6,19,8,59,6,,2.378262,1.0
111,2024-06-19 08:59:07,10.416,2024,6,19,8,59,7,,2.381155,1.0
111,2024-06-19 08:59:08,10.416,2024,6,19,8,59,8,,2.384048,1.0
111,2024-06-19 08:59:09,10.417,2024,6,19,8,59,9,,2.386942,1.0
111,2024-06-19 08:59:10,10.416,2024,6,19,8,59,10,,2.389835,1.0
111,2024-06-19 08:59:11,10.416,2024,6,19,8,59,11,,2.392729,1.0
111,2024-06-19 08:59:12,10.416,2024,6,19,8,59,12,,2.395622,1.0
111,2024-06-19 08:59:13,10.416,2024,6,19,8,59,13,,2.398515,1.0
111,2024-06-19 08:59:14,10.416,2024,6,19,8,59,14,,2.401409,1.0
111,2024-06-19 08:59:15,10.417,2024,6,19,8,59,15,,2.404302,1.0
111,2024-06-19 08:59:16,10.417,2024,6,19,8,59,16,,2.407196,1.0
111,2024-06-19 08:59:17,10.416,2024,6,19,8,59,17,,2.410089,1.0
111,2024-06-19 08:59:18,10.416,2024,6,19,8,59,18,,2.412983,1.0
111,2024-06-19 08:59:19,10.417,2024,6,19,8,59,19,,2.415876,1.0
111,2024-06-19 08:59:20,10.416,2024,6,19,8,59,20,,2.418769,1.0
111,2024-06-19 08:59:21,10.416,2024,6,19,8,59,21,,2.421663,1.0
111,2024-06-19 08:59:22,10.416,2024,6,19,8,59,22,,2.424556,1.0
111,2024-06-19 08:59:23,10.417,2024,6,19,8,59,23,,2.42745,1.0
111,2024-06-19 08:59:24,10.416,2024,6,19,8,59,24,,2.430343,1.0
111,2024-06-19 08:59:25,10.416,2024,6,19,8,59,25,,2.433236,1.0
111,2024-06-19 08:59:26,10.416,2024,6,19,8,59,26,,2.43613,1.0
111,2024-06-19 08:59:27,10.417,2024,6,19,8,59,27,,2.439023,1.0
111,2024-06-19 08:59:28,10.417,2024,6,19,8,59,28,,2.441917,1.0
111,2024-06-19 08:59:29,10.417,2024,6,19,8,59,29,,2.444811,1.0
111,2024-06-19 08:59:30,10.417,2024,6,19,8,59,30,,2.447704,1.0
111,2024-06-19 08:59:31,10.416,2024,6,19,8,59,31,,2.450598,1.0
111,2024-06-19 08:59:32,10.417,2024,6,19,8,59,32,,2.453491,1.0
111,2024-06-19 08:59:33,10.416,2024,6,19,8,59,33,,2.456384,1.0
111,2024-06-19 08:59:34,10.416,2024,6,19,8,59,34,,2.459278,1.0
111,2024-06-19 08:59:35,10.417,2024,6,19,8,59,35,,2.462171,1.0
111,2024-06-19 08:59:36,10.417,2024,6,19,8,59,36,,2.465065,1.0
111,2024-06-19 08:59:37,10.416,2024,6,19,8,59,37,,2.467958,1.0
111,2024-06-19 08:59:38,10.416,2024,6,19,8,59,38,,2.470852,1.0
111,2024-06-19 08:59:39,10.416,2024,6,19,8,59,39,,2.473745,1.0
111,2024-06-19 08:59:40,10.417,2024,6,19,8,59,40,,2.476639,1.0
111,2024-06-19 08:59:41,10.416,2024,6,19,8,59,41,,2.479532,1.0
111,2024-06-19 08:59:42,10.417,2024,6,19,8,59,42,,2.482426,1.0
111,2024-06-19 08:59:43,10.416,2024,6,19,8,59,43,,2.485319,1.0
111,2024-06-19 08:59:44,10.416,2024,6,19,8,59,44,,2.488212,1.0
111,2024-06-19 08:59:45,10.416,2024,6,19,8,59,45,,2.491106,1.0
111,2024-06-19 08:59:46,10.416,2024,6,19,8,59,46,,2.493999,1.0
111,2024-06-19 08:59:47,10.416,2024,6,19,8,59,47,,2.496892,1.0
111,2024-06-19 08:59:48,10.416,2024,6,19,8,59,48,,2.499786,1.0
111,2024-06-19 08:59:49,10.417,2024,6,19,8,59,49,,2.502679,1.0
111,2024-06-19 08:59:50,10.416,2024,6,19,8,59,50,,2.505573,1.0
111,2024-06-19 08:59:51,10.417,2024,6,19,8,59,51,,2.508466,1.0
111,2024-06-19 08:59:52,10.417,2024,6,19,8,59,52,,2.51136,1.0
111,2024-06-19 08:59:53,10.417,2024,6,19,8,59,53,,2.514253,1.0
111,2024-06-19 08:59:54,10.416,2024,6,19,8,59,54,,2.517147,1.0
111,2024-06-19 08:59:55,10.416,2024,6,19,8,59,55,,2.52004,1.0
111,2024-06-19 08:59:56,10.417,2024,6,19,8,59,56,,2.522934,1.0
111,2024-06-19 08:59:57,10.417,2024,6,19,8,59,57,,2.525827,1.0
111,2024-06-19 08:59:58,10.417,2024,6,19,8,59,58,,2.528721,1.0
111,2024-06-19 08:59:59,10.416,2024,6,19,8,59,59,,2.531614,1.0
111,2024-06-19 09:00:00,10.416,2024,6,19,9,0,0,,2.534508,1.0
111,2024-06-19 09:00:01,10.416,2024,6,19,9,0,1,,2.537401,1.0
111,2024-06-19 09:00:02,10.417,2024,6,19,9,0,2,,2.540294,1.0
111,2024-06-19 09:00:03,10.417,2024,6,19,9,0,3,,2.543188,1.0
111,2024-06-19 09:00:04,10.416,2024,6,19,9,0,4,,2.546081,1.0
111,2024-06-19 09:00:05,10.416,2024,6,19,9,0,5,,2.548975,1.0
111,2024-06-19 09:00:06,10.417,2024,6,19,9,0,6,,2.551868,1.0
111,2024-06-19 09:00:07,10.417,2024,6,19,9,0,7,,2.554762,1.0
111,2024-06-19 09:00:08,10.417,2024,6,19,9,0,8,,2.557656,1.0
111,2024-06-19 09:00:09,10.417,2024,6,19,9,0,9,,2.560549,1.0
111,2024-06-19 09:00:10,10.416,2024,6,19,9,0,10,,2.563443,1.0
111,2024-06-19 09:00:11,10.417,2024,6,19,9,0,11,,2.566336,1.0
111,2024-06-19 09:00:12,10.416,2024,6,19,9,0,12,,2.569229,1.0
111,2024-06-19 09:00:13,10.416,2024,6,19,9,0,13,,2.572123,1.0
111,2024-06-19 09:00:14,10.417,2024,6,19,9,0,14,,2.575016,1.0
111,2024-06-19 09:00:15,10.417,2024,6,19,9,0,15,,2.57791,1.0
111,2024-06-19 09:00:16,10.417,2024,6,19,9,0,16,,2.580804,1.0
111,2024-06-19 09:00:17,10.417,2024,6,19,9,0,17,,2.583697,1.0
111,2024-06-19 09:00:18,10.417,2024,6,19,9,0,18,,2.586591,1.0
111,2024-06-19 09:00:19,10.417,2024,6,19,9,0,19,,2.589484,1.0
111,2024-06-19 09:00:20,10.416,2024,6,19,9,0,20,,2.592378,1.0
111,2024-06-19 09:00:21,10.416,2024,6,19,9,0,21,,2.595271,1.0
111,2024-06-19 09:00:22,10.417,2024,6,19,9,0,22,,2.598165,1.0
111,2024-06-19 09:00:23,10.417,2024,6,19,9,0,23,,2.601058,1.0
111,2024-06-19 09:00:24,10.417,2024,6,19,9,0,24,,2.603952,1.0
111,2024-06-19 09:00:25,10.417,2024,6,19,9,0,25,,2.606846,1.0
111,2024-06-19 09:00:26,10.416,2024,6,19,9,0,26,,2.609739,1.0
111,2024-06-19 09:00:27,10.417,2024,6,19,9,0,27,,2.612633,1.0
111,2024-06-19 09:00:28,10.416,2024,6,19,9,0,28,,2.615526,1.0
111,2024-06-19 09:00:29,10.416,2024,6,19,9,0,29,,2.618419,1.0
111,2024-06-19 09:00:30,10.417,2024,6,19,9,0,30,,2.621313,1.0
111,2024-06-19 09:00:31,10.416,2024,6,19,9,0,31,,2.624206,1.0
111,2024-06-19 09:00:32,10.416,2024,6,19,9,0,32,,2.627099,1.0
111,2024-06-19 09:00:33,10.416,2024,6,19,9,0,33,,2.629993,1.0
111,2024-06-19 09:00:34,10.416,2024,6,19,9,0,34,,2.632886,1.0
111,2024-06-19 09:00:35,10.417,2024,6,19,9,0,35,,2.63578,1.0
111,2024-06-19 09:00:36,10.416,2024,6,19,9,0,36,,2.638673,1.0
111,2024-06-19 09:00:37,10.417,2024,6,19,9,0,37,,2.641567,1.0
111,2024-06-19 09:00:38,10.417,2024,6,19,9,0,38,,2.64446,1.0
111,2024-06-19 09:00:39,10.417,2024,6,19,9,0,39,,2.647354,1.0
111,2024-06-19 09:00:40,10.417,2024,6,19,9,0,40,,2.650248,1.0
111,2024-06-19 09:00:41,10.417,2024,6,19,9,0,41,,2.653141,1.0
111,2024-06-19 09:00:42,10.416,2024,6,19,9,0,42,,2.656034,1.0
111,2024-06-19 09:00:43,10.417,2024,6,19,9,0,43,,2.658928,1.0
111,2024-06-19 09:00:44,10.417,2024,6,19,9,0,44,,2.661822,1.0
111,2024-06-19 09:00:45,10.417,2024,6,19,9,0,45,,2.664715,1.0
111,2024-06-19 09:00:46,10.417,2024,6,19,9,0,46,,2.667609,1.0
111,2024-06-19 09:00:47,10.416,2024,6,19,9,0,47,,2.670502,1.0
111,2024-06-19 09:00:48,10.417,2024,6,19,9,0,48,,2.673396,1.0
111,2024-06-19 09:00:49,10.417,2024,6,19,9,0,49,,2.676289,1.0
111,2024-06-19 09:00:50,10.416,2024,6,19,9,0,50,,2.679183,1.0
111,2024-06-19 09:00:51,10.417,2024,6,19,9,0,51,,2.682076,1.0
111,2024-06-19 09:00:52,10.417,2024,6,19,9,0,52,,2.68497,1.0
111,2024-06-19 09:00:53,10.417,2024,6,19,9,0,53,,2.687864,1.0
111,2024-06-19 09:00:54,10.417,2024,6,19,9,0,54,,2.690757,1.0
111,2024-06-19 09:00:55,10.416,2024,6,19,9,0,55,,2.693651,1.0
111,2024-06-19 09:00:56,10.416,2024,6,19,9,0,56,,2.696544,1.0
111,2024-06-19 09:00:57,10.416,2024,6,19,9,0,57,,2.699437,1.0
111,2024-06-19 09:00:58,10.417,2024,6,19,9,0,58,,2.702331,1.0
111,2024-06-19 09:00:59,10.417,2024,6,19,9,0,59,,2.705224,1.0
111,2024-06-19 09:01:00,10.417,2024,6,19,9,1,0,,2.708118,1.0
111,2024-06-19 09:01:01,10.417,2024,6,19,9,1,1,,2.711012,1.0
111,2024-06-19 09:01:02,10.417,2024,6,19,9,1,2,,2.713905,1.0
111,2024-06-19 09:01:03,10.417,2024,6,19,9,1,3,,2.716799,1.0
111,2024-06-19 09:01:04,10.417,2024,6,19,9,1,4,,2.719692,1.0
111,2024-06-19 09:01:05,10.416,2024,6,19,9,1,5,,2.722586,1.0
111,2024-06-19 09:01:06,10.417,2024,6,19,9,1,6,,2.725479,1.0
111,2024-06-19 09:01:07,10.416,2024,6,19,9,1,7,,2.728373,1.0
111,2024-06-19 09:01:08,10.416,2024,6,19,9,1,8,,2.731266,1.0
111,2024-06-19 09:01:09,10.416,2024,6,19,9,1,9,,2.734159,1.0
111,2024-06-19 09:01:10,10.416,2024,6,19,9,1,10,,2.737053,1.0
111,2024-06-19 09:01:11,10.417,2024,6,19,9,1,11,,2.739946,1.0
111,2024-06-19 09:01:12,10.417,2024,6,19,9,1,12,,2.74284,1.0
111,2024-06-19 09:01:13,10.416,2024,6,19,9,1,13,,2.745733,1.0
111,2024-06-19 09:01:14,10.417,2024,6,19,9,1,14,,2.748627,1.0
111,2024-06-19 09:01:15,10.417,2024,6,19,9,1,15,,2.751521,1.0
111,2024-06-19 09:01:16,10.417,2024,6,19,9,1,16,,2.754414,1.0
111,2024-06-19 09:01:17,10.416,2024,6,19,9,1,17,,2.757307,1.0
111,2024-06-19 09:01:18,10.416,2024,6,19,9,1,18,,2.760201,1.0
111,2024-06-19 09:01:19,10.417,2024,6,19,9,1,19,,2.763094,1.0
111,2024-06-19 09:01:20,10.417,2024,6,19,9,1,20,,2.765988,1.0
111,2024-06-19 09:01:21,10.417,2024,6,19,9,1,21,,2.768882,1.0
111,2024-06-19 09:01:22,10.417,2024,6,19,9,1,22,,2.771775,1.0
111,2024-06-19 09:01:23,10.417,2024,6,19,9,1,23,,2.774669,1.0
111,2024-06-19 09:01:24,10.417,2024,6,19,9,1,24,,2.777562,1.0
111,2024-06-19 09:01:25,10.416,2024,6,19,9,1,25,,2.780456,1.0
111,2024-06-19 09:01:26,10.417,2024,6,19,9,1,26,,2.783349,1.0
111,2024-06-19 09:01:27,10.417,2024,6,19,9,1,27,,2.786243,1.0
111,2024-06-19 09:01:28,10.416,2024,6,19,9,1,28,,2.789136,1.0
111,2024-06-19 09:01:29,10.416,2024,6,19,9,1,29,,2.79203,1.0
111,2024-06-19 09:01:30,10.417,2024,6,19,9,1,30,,2.794923,1.0
111,2024-06-19 09:01:31,10.417,2024,6,19,9,1,31,,2.797817,1.0
111,2024-06-19 09:01:32,10.417,2024,6,19,9,1,32,,2.800711,1.0
111,2024-06-19 09:01:33,10.416,2024,6,19,9,1,33,,2.803604,1.0
111,2024-06-19 09:01:34,10.417,2024,6,19,9,1,34,,2.806497,1.0
111,2024-06-19 09:01:35,10.417,2024,6,19,9,1,35,,2.809391,1.0
111,2024-06-19 09:01:36,10.417,2024,6,19,9,1,36,,2.812285,1.0
111,2024-06-19 09:01:37,10.417,2024,6,19,9,1,37,,2.815178,1.0
111,2024-06-19 09:01:38,10.417,2024,6,19,9,1,38,,2.818072,1.0
111,2024-06-19 09:01:39,10.417,2024,6,19,9,1,39,,2.820966,1.0
111,2024-06-19 09:01:40,10.417,2024,6,19,9,1,40,,2.823859,1.0
111,2024-06-19 09:01:41,10.417,2024,6,19,9,1,41,,2.826753,1.0
111,2024-06-19 09:01:42,10.417,2024,6,19,9,1,42,,2.829646,1.0
111,2024-06-19 09:01:43,10.416,2024,6,19,9,1,43,,2.83254,1.0
111,2024-06-19 09:01:44,10.416,2024,6,19,9,1,44,,2.835433,1.0
111,2024-06-19 09:01:45,10.417,2024,6,19,9,1,45,,2.838327,1.0
111,2024-06-19 09:01:46,10.416,2024,6,19,9,1,46,,2.84122,1.0
111,2024-06-19 09:01:47,10.416,2024,6,19,9,1,47,,2.844113,1.0
111,2024-06-19 09:01:48,10.417,2024,6,19,9,1,48,,2.847007,1.0
111,2024-06-19 09:01:49,10.416,2024,6,19,9,1,49,,2.8499,1.0
111,2024-06-19 09:01:50,10.416,2024,6,19,9,1,50,,2.852794,1.0
111,2024-06-19 09:01:51,10.417,2024,6,19,9,1,51,,2.855687,1.0
111,2024-06-19 09:01:52,10.417,2024,6,19,9,1,52,,2.858581,1.0
