Channel_x,Timestamp,Voltage,Year_x,Month_x,Day_x,Hour_x,Minute_x,Second_x,Total_time_x,Channel_y,Current,Year_y,Month_y,Day_y,Hour_y,Minute_y,Second_y,Total_time_y,Capacity,Power,TimeDelta
101,2024-07-20 17:14:27,4.195373,2024,7,20,17,14,27,0 days 00:05:13,,,,,,,,,,,,0.0
101,2024-07-20 17:14:28,3.938883,2024,7,20,17,14,28,,111.0,0.002,2024.0,7.0,20.0,17.0,14.0,28.0,0 days 00:05:12,0.0005555555555555556,0.007877766,1.0
101,2024-07-20 17:14:29,3.929952,2024,7,20,17,14,29,,111.0,18.224,2024.0,7.0,20.0,17.0,14.0,29.0,,5.062777777777778,71.619445248,1.0
101,2024-07-20 17:14:30,3.922952,2024,7,20,17,14,30,,111.0,18.223,2024.0,7.0,20.0,17.0,14.0,30.0,,10.124722222222221,71.487954296,1.0
101,2024-07-20 17:14:31,3.917113,2024,7,20,17,14,31,,111.0,18.223,2024.0,7.0,20.0,17.0,14.0,31.0,,15.186666666666666,71.381550199,1.0
101,2024-07-20 17:14:32,3.912117,2024,7,20,17,14,32,,111.0,18.223,2024.0,7.0,20.0,17.0,14.0,32.0,,20.24861111111111,71.29050809099999,1.0
101,2024-07-20 17:14:33,3.907751,2024,7,20,17,14,33,,111.0,18.224,2024.0,7.0,20.0,17.0,14.0,33.0,,25.31083333333333,71.214854224,1.0
101,2024-07-20 17:14:34,3.903906,2024,7,20,17,14,34,,111.0,18.223,2024.0,7.0,20.0,17.0,14.0,34.0,,30.372777777777777,71.140879038,1.0
101,2024-07-20 17:14:35,3.900462,2024,7,20,17,14,35,,111.0,18.223,2024.0,7.0,20.0,17.0,14.0,35.0,,35.43472222222222,71.078119026,1.0
101,2024-07-20 17:14:36,3.897366,2024,7,20,17,14,36,,111.0,18.223,2024.0,7.0,20.0,17.0,14.0,36.0,,40.49666666666667,71.021700618,1.0
101,2024-07-20 17:14:37,3.894536,2024,7,20,17,14,37,,111.0,18.223,2024.0,7.0,20.0,17.0,14.0,37.0,,45.55861111111112,70.970129528,1.0
101,2024-07-20 17:14:38,3.891957,2024,7,20,17,14,38,,111.0,18.223,2024.0,7.0,20.0,17.0,14.0,38.0,,50.62055555555556,70.923132411,1.0
101,2024-07-20 17:14:39,3.88956,2024,7,20,17,14,39,,111.0,18.223,2024.0,7.0,20.0,17.0,14.0,39.0,,55.68250000000001,70.87945187999999,1.0
101,2024-07-20 17:14:40,3.887342,2024,7,20,17,14,40,,111.0,18.223,2024.0,7.0,20.0,17.0,14.0,40.0,,60.74444444444446,70.83903326599999,1.0
101,2024-07-20 17:14:41,3.88527,2024,7,20,17,14,41,,111.0,18.224,2024.0,7.0,20.0,17.0,14.0,41.0,,65.80666666666669,70.80516048,1.0
101,2024-07-20 17:14:42,3.883317,2024,7,20,17,14,42,,111.0,18.224,2024.0,7.0,20.0,17.0,14.0,42.0,,70.8688888888889,70.769569008,1.0
101,2024-07-20 17:14:43,3.881475,2024,7,20,17,14,43,,111.0,18.223,2024.0,7.0,20.0,17.0,14.0,43.0,,75.93083333333335,70.732118925,1.0
101,2024-07-20 17:14:44,3.87972,2024,7,20,17,14,44,,111.0,18.224,2024.0,7.0,20.0,17.0,14.0,44.0,,80.99305555555557,70.70401728,1.0
101,2024-07-20 17:14:45,3.878054,2024,7,20,17,14,45,,111.0,18.223,2024.0,7.0,20.0,17.0,14.0,45.0,,86.05500000000002,70.669778042,1.0
101,2024-07-20 17:14:46,3.876453,2024,7,20,17,14,46,,111.0,18.223,2024.0,7.0,20.0,17.0,14.0,46.0,,91.11694444444446,70.640603019,1.0
101,2024-07-20 17:14:47,3.874918,2024,7,20,17,14,47,,111.0,18.223,2024.0,7.0,20.0,17.0,14.0,47.0,,96.1788888888889,70.61263071399999,1.0
101,2024-07-20 17:14:48,3.873433,2024,7,20,17,14,48,,111.0,18.223,2024.0,7.0,20.0,17.0,14.0,48.0,,101.24083333333336,70.58556955899999,1.0
101,2024-07-20 17:14:49,3.871994,2024,7,20,17,14,49,,111.0,18.224,2024.0,7.0,20.0,17.0,14.0,49.0,,106.30305555555557,70.563218656,1.0
101,2024-07-20 17:14:50,3.870593,2024,7,20,17,14,50,,111.0,18.224,2024.0,7.0,20.0,17.0,14.0,50.0,,111.36527777777779,70.537686832,1.0
101,2024-07-20 17:14:51,3.869237,2024,7,20,17,14,51,,111.0,18.224,2024.0,7.0,20.0,17.0,14.0,51.0,,116.42750000000001,70.512975088,1.0
101,2024-07-20 17:14:52,3.867906,2024,7,20,17,14,52,,111.0,18.224,2024.0,7.0,20.0,17.0,14.0,52.0,,121.48972222222224,70.488718944,1.0
101,2024-07-20 17:14:53,3.866602,2024,7,20,17,14,53,,111.0,18.224,2024.0,7.0,20.0,17.0,14.0,53.0,,126.55194444444446,70.464954848,1.0
101,2024-07-20 17:14:54,3.865332,2024,7,20,17,14,54,,111.0,18.224,2024.0,7.0,20.0,17.0,14.0,54.0,,131.61416666666668,70.441810368,1.0
101,2024-07-20 17:14:55,3.864075,2024,7,20,17,14,55,,111.0,18.224,2024.0,7.0,20.0,17.0,14.0,55.0,,136.67638888888888,70.4189028,1.0
101,2024-07-20 17:14:56,3.862854,2024,7,20,17,14,56,,111.0,18.224,2024.0,7.0,20.0,17.0,14.0,56.0,,141.7386111111111,70.396651296,1.0
101,2024-07-20 17:14:57,3.861642,2024,7,20,17,14,57,,111.0,18.223,2024.0,7.0,20.0,17.0,14.0,57.0,,146.80055555555555,70.37070216599999,1.0
101,2024-07-20 17:14:58,3.860441,2024,7,20,17,14,58,,111.0,18.224,2024.0,7.0,20.0,17.0,14.0,58.0,,151.86277777777778,70.352676784,1.0
101,2024-07-20 17:14:59,3.859253,2024,7,20,17,14,59,,111.0,18.224,2024.0,7.0,20.0,17.0,14.0,59.0,,156.925,70.331026672,1.0
101,2024-07-20 17:15:00,3.858087,2024,7,20,17,15,0,,111.0,18.224,2024.0,7.0,20.0,17.0,15.0,0.0,,161.98722222222224,70.309777488,1.0
101,2024-07-20 17:15:01,3.85693,2024,7,20,17,15,1,,111.0,18.225,2024.0,7.0,20.0,17.0,15.0,1.0,,167.04972222222224,70.29254925000001,1.0
101,2024-07-20 17:15:02,3.855788,2024,7,20,17,15,2,,111.0,18.224,2024.0,7.0,20.0,17.0,15.0,2.0,,172.1119444444445,70.267880512,1.0
101,2024-07-20 17:15:03,3.854659,2024,7,20,17,15,3,,111.0,18.224,2024.0,7.0,20.0,17.0,15.0,3.0,,177.17416666666674,70.24730561599999,1.0
101,2024-07-20 17:15:04,3.853528,2024,7,20,17,15,4,,111.0,18.225,2024.0,7.0,20.0,17.0,15.0,4.0,,182.23666666666674,70.2305478,1.0
101,2024-07-20 17:15:05,3.852405,2024,7,20,17,15,5,,111.0,18.224,2024.0,7.0,20.0,17.0,15.0,5.0,,187.29888888888897,70.20622872,1.0
101,2024-07-20 17:15:06,3.851297,2024,7,20,17,15,6,,111.0,18.224,2024.0,7.0,20.0,17.0,15.0,6.0,,192.3611111111112,70.186036528,1.0
101,2024-07-20 17:15:07,3.850193,2024,7,20,17,15,7,,111.0,18.224,2024.0,7.0,20.0,17.0,15.0,7.0,,197.42333333333343,70.165917232,1.0
101,2024-07-20 17:15:08,3.849101,2024,7,20,17,15,8,,111.0,18.224,2024.0,7.0,20.0,17.0,15.0,8.0,,202.48555555555566,70.146016624,1.0
101,2024-07-20 17:15:09,3.848009,2024,7,20,17,15,9,,111.0,18.224,2024.0,7.0,20.0,17.0,15.0,9.0,,207.5477777777779,70.126116016,1.0
101,2024-07-20 17:15:10,3.846927,2024,7,20,17,15,10,,111.0,18.224,2024.0,7.0,20.0,17.0,15.0,10.0,,212.61000000000013,70.106397648,1.0
101,2024-07-20 17:15:11,3.845843,2024,7,20,17,15,11,,111.0,18.224,2024.0,7.0,20.0,17.0,15.0,11.0,,217.6722222222224,70.086642832,1.0
101,2024-07-20 17:15:12,3.844769,2024,7,20,17,15,12,,111.0,18.223,2024.0,7.0,20.0,17.0,15.0,12.0,,222.7341666666668,70.063225487,1.0
101,2024-07-20 17:15:13,3.8437,2024,7,20,17,15,13,,111.0,18.224,2024.0,7.0,20.0,17.0,15.0,13.0,,227.79638888888906,70.0475888,1.0
101,2024-07-20 17:15:14,3.842629,2024,7,20,17,15,14,,111.0,18.224,2024.0,7.0,20.0,17.0,15.0,14.0,,232.8586111111113,70.028070896,1.0
101,2024-07-20 17:15:15,3.841571,2024,7,20,17,15,15,,111.0,18.224,2024.0,7.0,20.0,17.0,15.0,15.0,,237.92083333333352,70.008789904,1.0
101,2024-07-20 17:15:16,3.840509,2024,7,20,17,15,16,,111.0,18.225,2024.0,7.0,20.0,17.0,15.0,16.0,,242.98333333333352,69.993276525,1.0
101,2024-07-20 17:15:17,3.839457,2024,7,20,17,15,17,,111.0,18.225,2024.0,7.0,20.0,17.0,15.0,17.0,,248.04583333333352,69.974103825,1.0
101,2024-07-20 17:15:18,3.838411,2024,7,20,17,15,18,,111.0,18.224,2024.0,7.0,20.0,17.0,15.0,18.0,,253.10805555555575,69.951202064,1.0
101,2024-07-20 17:15:19,3.837367,2024,7,20,17,15,19,,111.0,18.225,2024.0,7.0,20.0,17.0,15.0,19.0,,258.1705555555558,69.936013575,1.0
101,2024-07-20 17:15:20,3.836314,2024,7,20,17,15,20,,111.0,18.225,2024.0,7.0,20.0,17.0,15.0,20.0,,263.2330555555558,69.91682265,1.0
101,2024-07-20 17:15:21,3.835266,2024,7,20,17,15,21,,111.0,18.225,2024.0,7.0,20.0,17.0,15.0,21.0,,268.2955555555558,69.89772285000001,1.0
101,2024-07-20 17:15:22,3.834211,2024,7,20,17,15,22,,111.0,18.225,2024.0,7.0,20.0,17.0,15.0,22.0,,273.3580555555558,69.87849547500001,1.0
101,2024-07-20 17:15:23,3.83316,2024,7,20,17,15,23,,111.0,18.224,2024.0,7.0,20.0,17.0,15.0,23.0,,278.42027777777804,69.85550784,1.0
101,2024-07-20 17:15:24,3.832121,2024,7,20,17,15,24,,111.0,18.225,2024.0,7.0,20.0,17.0,15.0,24.0,,283.48277777777804,69.840405225,1.0
101,2024-07-20 17:15:25,3.831073,2024,7,20,17,15,25,,111.0,18.224,2024.0,7.0,20.0,17.0,15.0,25.0,,288.54500000000024,69.817474352,1.0
101,2024-07-20 17:15:26,3.830031,2024,7,20,17,15,26,,111.0,18.225,2024.0,7.0,20.0,17.0,15.0,26.0,,293.6075000000002,69.802314975,1.0
101,2024-07-20 17:15:27,3.828984,2024,7,20,17,15,27,,111.0,18.225,2024.0,7.0,20.0,17.0,15.0,27.0,,298.6700000000002,69.78323340000001,1.0
101,2024-07-20 17:15:28,3.827942,2024,7,20,17,15,28,,111.0,18.225,2024.0,7.0,20.0,17.0,15.0,28.0,,303.73250000000013,69.76424295000001,1.0
101,2024-07-20 17:15:29,3.82691,2024,7,20,17,15,29,,111.0,18.224,2024.0,7.0,20.0,17.0,15.0,29.0,,308.79472222222233,69.74160784,1.0
101,2024-07-20 17:15:30,3.825881,2024,7,20,17,15,30,,111.0,18.225,2024.0,7.0,20.0,17.0,15.0,30.0,,313.85722222222233,69.72668122500001,1.0
101,2024-07-20 17:15:31,3.82485,2024,7,20,17,15,31,,111.0,18.225,2024.0,7.0,20.0,17.0,15.0,31.0,,318.91972222222233,69.70789125,1.0
101,2024-07-20 17:15:32,3.82382,2024,7,20,17,15,32,,111.0,18.225,2024.0,7.0,20.0,17.0,15.0,32.0,,323.9822222222223,69.6891195,1.0
101,2024-07-20 17:15:33,3.822799,2024,7,20,17,15,33,,111.0,18.225,2024.0,7.0,20.0,17.0,15.0,33.0,,329.0447222222223,69.67051177500001,1.0
101,2024-07-20 17:15:34,3.821761,2024,7,20,17,15,34,,111.0,18.225,2024.0,7.0,20.0,17.0,15.0,34.0,,334.1072222222222,69.65159422500001,1.0
101,2024-07-20 17:15:35,3.820742,2024,7,20,17,15,35,,111.0,18.225,2024.0,7.0,20.0,17.0,15.0,35.0,,339.1697222222222,69.63302295000001,1.0
101,2024-07-20 17:15:36,3.819707,2024,7,20,17,15,36,,111.0,18.225,2024.0,7.0,20.0,17.0,15.0,36.0,,344.23222222222216,69.61416007500002,1.0
101,2024-07-20 17:15:37,3.81869,2024,7,20,17,15,37,,111.0,18.225,2024.0,7.0,20.0,17.0,15.0,37.0,,349.29472222222216,69.59562525000001,1.0
101,2024-07-20 17:15:38,3.817662,2024,7,20,17,15,38,,111.0,18.225,2024.0,7.0,20.0,17.0,15.0,38.0,,354.3572222222221,69.57688995000001,1.0
101,2024-07-20 17:15:39,3.816638,2024,7,20,17,15,39,,111.0,18.225,2024.0,7.0,20.0,17.0,15.0,39.0,,359.4197222222221,69.55822755000001,1.0
101,2024-07-20 17:15:40,3.815616,2024,7,20,17,15,40,,111.0,18.225,2024.0,7.0,20.0,17.0,15.0,40.0,,364.4822222222221,69.5396016,1.0
101,2024-07-20 17:15:41,3.814603,2024,7,20,17,15,41,,111.0,18.225,2024.0,7.0,20.0,17.0,15.0,41.0,,369.54472222222205,69.521139675,1.0
101,2024-07-20 17:15:42,3.813573,2024,7,20,17,15,42,,111.0,18.226,2024.0,7.0,20.0,17.0,15.0,42.0,,374.60749999999985,69.50618149799999,1.0
101,2024-07-20 17:15:43,3.812556,2024,7,20,17,15,43,,111.0,18.225,2024.0,7.0,20.0,17.0,15.0,43.0,,379.66999999999985,69.4838331,1.0
101,2024-07-20 17:15:44,3.811544,2024,7,20,17,15,44,,111.0,18.225,2024.0,7.0,20.0,17.0,15.0,44.0,,384.7324999999998,69.4653894,1.0
101,2024-07-20 17:15:45,3.810532,2024,7,20,17,15,45,,111.0,18.226,2024.0,7.0,20.0,17.0,15.0,45.0,,389.79527777777764,69.45075623199999,1.0
101,2024-07-20 17:15:46,3.809527,2024,7,20,17,15,46,,111.0,18.226,2024.0,7.0,20.0,17.0,15.0,46.0,,394.85805555555544,69.432439102,1.0
101,2024-07-20 17:15:47,3.808521,2024,7,20,17,15,47,,111.0,18.225,2024.0,7.0,20.0,17.0,15.0,47.0,,399.9205555555554,69.410295225,1.0
101,2024-07-20 17:15:48,3.80752,2024,7,20,17,15,48,,111.0,18.225,2024.0,7.0,20.0,17.0,15.0,48.0,,404.9830555555554,69.392052,1.0
101,2024-07-20 17:15:49,3.806518,2024,7,20,17,15,49,,111.0,18.226,2024.0,7.0,20.0,17.0,15.0,49.0,,410.0458333333332,69.377597068,1.0
101,2024-07-20 17:15:50,3.805529,2024,7,20,17,15,50,,111.0,18.226,2024.0,7.0,20.0,17.0,15.0,50.0,,415.108611111111,69.359571554,1.0
101,2024-07-20 17:15:51,3.80453,2024,7,20,17,15,51,,111.0,18.226,2024.0,7.0,20.0,17.0,15.0,51.0,,420.1713888888888,69.34136378,1.0
101,2024-07-20 17:15:52,3.803548,2024,7,20,17,15,52,,111.0,18.225,2024.0,7.0,20.0,17.0,15.0,52.0,,425.23388888888877,69.3196623,1.0
101,2024-07-20 17:15:53,3.802559,2024,7,20,17,15,53,,111.0,18.226,2024.0,7.0,20.0,17.0,15.0,53.0,,430.29666666666657,69.305440334,1.0
101,2024-07-20 17:15:54,3.801572,2024,7,20,17,15,54,,111.0,18.226,2024.0,7.0,20.0,17.0,15.0,54.0,,435.3594444444444,69.287451272,1.0
101,2024-07-20 17:15:55,3.80059,2024,7,20,17,15,55,,111.0,18.225,2024.0,7.0,20.0,17.0,15.0,55.0,,440.42194444444436,69.26575275,1.0
101,2024-07-20 17:15:56,3.799611,2024,7,20,17,15,56,,111.0,18.226,2024.0,7.0,20.0,17.0,15.0,56.0,,445.48472222222216,69.251710086,1.0
101,2024-07-20 17:15:57,3.798626,2024,7,20,17,15,57,,111.0,18.226,2024.0,7.0,20.0,17.0,15.0,57.0,,450.5475,69.233757476,1.0
101,2024-07-20 17:15:58,3.797668,2024,7,20,17,15,58,,111.0,18.226,2024.0,7.0,20.0,17.0,15.0,58.0,,455.6102777777778,69.216296968,1.0
101,2024-07-20 17:15:59,3.796709,2024,7,20,17,15,59,,111.0,18.226,2024.0,7.0,20.0,17.0,15.0,59.0,,460.6730555555556,69.198818234,1.0
101,2024-07-20 17:16:00,3.795743,2024,7,20,17,16,0,,111.0,18.225,2024.0,7.0,20.0,17.0,16.0,0.0,,465.7355555555556,69.177416175,1.0
101,2024-07-20 17:16:01,3.794785,2024,7,20,17,16,1,,111.0,18.225,2024.0,7.0,20.0,17.0,16.0,1.0,,470.79805555555555,69.159956625,1.0
101,2024-07-20 17:16:02,3.793845,2024,7,20,17,16,2,,111.0,18.226,2024.0,7.0,20.0,17.0,16.0,2.0,,475.86083333333335,69.14661897,1.0
101,2024-07-20 17:16:03,3.792894,2024,7,20,17,16,3,,111.0,18.226,2024.0,7.0,20.0,17.0,16.0,3.0,,480.9236111111112,69.129286044,1.0
101,2024-07-20 17:16:04,3.791963,2024,7,20,17,16,4,,111.0,18.226,2024.0,7.0,20.0,17.0,16.0,4.0,,485.986388888889,69.112317638,1.0
101,2024-07-20 17:16:05,3.791026,2024,7,20,17,16,5,,111.0,18.226,2024.0,7.0,20.0,17.0,16.0,5.0,,491.0491666666668,69.095239876,1.0
101,2024-07-20 17:16:06,3.790105,2024,7,20,17,16,6,,111.0,18.226,2024.0,7.0,20.0,17.0,16.0,6.0,,496.1119444444446,69.07845372999999,1.0
101,2024-07-20 17:16:07,3.789192,2024,7,20,17,16,7,,111.0,18.226,2024.0,7.0,20.0,17.0,16.0,7.0,,501.1747222222224,69.06181339199999,1.0
101,2024-07-20 17:16:08,3.788283,2024,7,20,17,16,8,,111.0,18.226,2024.0,7.0,20.0,17.0,16.0,8.0,,506.23750000000024,69.045245958,1.0
101,2024-07-20 17:16:09,3.787383,2024,7,20,17,16,9,,111.0,18.226,2024.0,7.0,20.0,17.0,16.0,9.0,,511.30027777777804,69.028842558,1.0
101,2024-07-20 17:16:10,3.786492,2024,7,20,17,16,10,,111.0,18.226,2024.0,7.0,20.0,17.0,16.0,10.0,,516.3630555555559,69.012603192,1.0
101,2024-07-20 17:16:11,3.78562,2024,7,20,17,16,11,,111.0,18.226,2024.0,7.0,20.0,17.0,16.0,11.0,,521.4258333333337,68.99671012,1.0
101,2024-07-20 17:16:12,3.784772,2024,7,20,17,16,12,,111.0,18.226,2024.0,7.0,20.0,17.0,16.0,12.0,,526.4886111111115,68.98125447199999,1.0
101,2024-07-20 17:16:13,3.783912,2024,7,20,17,16,13,,111.0,18.226,2024.0,7.0,20.0,17.0,16.0,13.0,,531.5513888888893,68.965580112,1.0
101,2024-07-20 17:16:14,3.783084,2024,7,20,17,16,14,,111.0,18.226,2024.0,7.0,20.0,17.0,16.0,14.0,,536.6141666666671,68.950488984,1.0
101,2024-07-20 17:16:15,3.782257,2024,7,20,17,16,15,,111.0,18.226,2024.0,7.0,20.0,17.0,16.0,15.0,,541.6769444444449,68.935416082,1.0
101,2024-07-20 17:16:16,3.781453,2024,7,20,17,16,16,,111.0,18.226,2024.0,7.0,20.0,17.0,16.0,16.0,,546.7397222222227,68.92076237799999,1.0
101,2024-07-20 17:16:17,3.780666,2024,7,20,17,16,17,,111.0,18.226,2024.0,7.0,20.0,17.0,16.0,17.0,,551.8025000000005,68.906418516,1.0
101,2024-07-20 17:16:18,3.779892,2024,7,20,17,16,18,,111.0,18.227,2024.0,7.0,20.0,17.0,16.0,18.0,,556.865555555556,68.896091484,1.0
101,2024-07-20 17:16:19,3.779126,2024,7,20,17,16,19,,111.0,18.227,2024.0,7.0,20.0,17.0,16.0,19.0,,561.9286111111116,68.882129602,1.0
101,2024-07-20 17:16:20,3.778381,2024,7,20,17,16,20,,111.0,18.227,2024.0,7.0,20.0,17.0,16.0,20.0,,566.9916666666672,68.86855048700001,1.0
101,2024-07-20 17:16:21,3.777641,2024,7,20,17,16,21,,111.0,18.227,2024.0,7.0,20.0,17.0,16.0,21.0,,572.0547222222228,68.855062507,1.0
101,2024-07-20 17:16:22,3.776909,2024,7,20,17,16,22,,111.0,18.226,2024.0,7.0,20.0,17.0,16.0,22.0,,577.1175000000006,68.837943434,1.0
101,2024-07-20 17:16:23,3.776185,2024,7,20,17,16,23,,111.0,18.227,2024.0,7.0,20.0,17.0,16.0,23.0,,582.1805555555561,68.828523995,1.0
101,2024-07-20 17:16:24,3.775467,2024,7,20,17,16,24,,111.0,18.226,2024.0,7.0,20.0,17.0,16.0,24.0,,587.2433333333339,68.811661542,1.0
101,2024-07-20 17:16:25,3.774759,2024,7,20,17,16,25,,111.0,18.227,2024.0,7.0,20.0,17.0,16.0,25.0,,592.3063888888895,68.802532293,1.0
101,2024-07-20 17:16:26,3.774064,2024,7,20,17,16,26,,111.0,18.226,2024.0,7.0,20.0,17.0,16.0,26.0,,597.3691666666673,68.786090464,1.0
101,2024-07-20 17:16:27,3.773361,2024,7,20,17,16,27,,111.0,18.227,2024.0,7.0,20.0,17.0,16.0,27.0,,602.4322222222228,68.777050947,1.0
101,2024-07-20 17:16:28,3.772669,2024,7,20,17,16,28,,111.0,18.227,2024.0,7.0,20.0,17.0,16.0,28.0,,607.4952777777784,68.764437863,1.0
101,2024-07-20 17:16:29,3.771977,2024,7,20,17,16,29,,111.0,18.226,2024.0,7.0,20.0,17.0,16.0,29.0,,612.5580555555562,68.748052802,1.0
101,2024-07-20 17:16:30,3.771286,2024,7,20,17,16,30,,111.0,18.226,2024.0,7.0,20.0,17.0,16.0,30.0,,617.620833333334,68.73545863599999,1.0
101,2024-07-20 17:16:31,3.770593,2024,7,20,17,16,31,,111.0,18.227,2024.0,7.0,20.0,17.0,16.0,31.0,,622.6838888888894,68.726598611,1.0
101,2024-07-20 17:16:32,3.769891,2024,7,20,17,16,32,,111.0,18.227,2024.0,7.0,20.0,17.0,16.0,32.0,,627.7469444444449,68.713803257,1.0
101,2024-07-20 17:16:33,3.769178,2024,7,20,17,16,33,,111.0,18.227,2024.0,7.0,20.0,17.0,16.0,33.0,,632.8100000000005,68.70080740600001,1.0
101,2024-07-20 17:16:34,3.768466,2024,7,20,17,16,34,,111.0,18.227,2024.0,7.0,20.0,17.0,16.0,34.0,,637.873055555556,68.68782978200001,1.0
101,2024-07-20 17:16:35,3.76773,2024,7,20,17,16,35,,111.0,18.226,2024.0,7.0,20.0,17.0,16.0,35.0,,642.9358333333338,68.67064697999999,1.0
101,2024-07-20 17:16:36,3.766992,2024,7,20,17,16,36,,111.0,18.227,2024.0,7.0,20.0,17.0,16.0,36.0,,647.9988888888894,68.660963184,1.0
101,2024-07-20 17:16:37,3.766248,2024,7,20,17,16,37,,111.0,18.226,2024.0,7.0,20.0,17.0,16.0,37.0,,653.0616666666672,68.64363604799999,1.0
101,2024-07-20 17:16:38,3.765487,2024,7,20,17,16,38,,111.0,18.227,2024.0,7.0,20.0,17.0,16.0,38.0,,658.1247222222227,68.633531549,1.0
101,2024-07-20 17:16:39,3.764714,2024,7,20,17,16,39,,111.0,18.227,2024.0,7.0,20.0,17.0,16.0,39.0,,663.1877777777781,68.619442078,1.0
101,2024-07-20 17:16:40,3.763921,2024,7,20,17,16,40,,111.0,18.227,2024.0,7.0,20.0,17.0,16.0,40.0,,668.2508333333337,68.604988067,1.0
101,2024-07-20 17:16:41,3.763109,2024,7,20,17,16,41,,111.0,18.227,2024.0,7.0,20.0,17.0,16.0,41.0,,673.3138888888892,68.590187743,1.0
101,2024-07-20 17:16:42,3.762278,2024,7,20,17,16,42,,111.0,18.227,2024.0,7.0,20.0,17.0,16.0,42.0,,678.3769444444447,68.575041106,1.0
101,2024-07-20 17:16:43,3.761425,2024,7,20,17,16,43,,111.0,18.227,2024.0,7.0,20.0,17.0,16.0,43.0,,683.4400000000003,68.559493475,1.0
101,2024-07-20 17:16:44,3.760551,2024,7,20,17,16,44,,111.0,18.227,2024.0,7.0,20.0,17.0,16.0,44.0,,688.5030555555558,68.543563077,1.0
101,2024-07-20 17:16:45,3.75967,2024,7,20,17,16,45,,111.0,18.227,2024.0,7.0,20.0,17.0,16.0,45.0,,693.5661111111112,68.52750509,1.0
101,2024-07-20 17:16:46,3.758763,2024,7,20,17,16,46,,111.0,18.227,2024.0,7.0,20.0,17.0,16.0,46.0,,698.6291666666668,68.510973201,1.0
101,2024-07-20 17:16:47,3.757835,2024,7,20,17,16,47,,111.0,18.227,2024.0,7.0,20.0,17.0,16.0,47.0,,703.6922222222223,68.494058545,1.0
101,2024-07-20 17:16:48,3.756868,2024,7,20,17,16,48,,111.0,18.227,2024.0,7.0,20.0,17.0,16.0,48.0,,708.7552777777778,68.476433036,1.0
101,2024-07-20 17:16:49,3.755877,2024,7,20,17,16,49,,111.0,18.227,2024.0,7.0,20.0,17.0,16.0,49.0,,713.8183333333334,68.458370079,1.0
101,2024-07-20 17:16:50,3.754863,2024,7,20,17,16,50,,111.0,18.227,2024.0,7.0,20.0,17.0,16.0,50.0,,718.8813888888889,68.43988790099999,1.0
101,2024-07-20 17:16:51,3.75381,2024,7,20,17,16,51,,111.0,18.227,2024.0,7.0,20.0,17.0,16.0,51.0,,723.9444444444443,68.42069487,1.0
101,2024-07-20 17:16:52,3.752739,2024,7,20,17,16,52,,111.0,18.227,2024.0,7.0,20.0,17.0,16.0,52.0,,729.0074999999999,68.40117375300001,1.0
101,2024-07-20 17:16:53,3.751626,2024,7,20,17,16,53,,111.0,18.228,2024.0,7.0,20.0,17.0,16.0,53.0,,734.0708333333332,68.384638728,1.0
101,2024-07-20 17:16:54,3.750487,2024,7,20,17,16,54,,111.0,18.228,2024.0,7.0,20.0,17.0,16.0,54.0,,739.1341666666666,68.363877036,1.0
101,2024-07-20 17:16:55,3.749321,2024,7,20,17,16,55,,111.0,18.228,2024.0,7.0,20.0,17.0,16.0,55.0,,744.1975,68.342623188,1.0
101,2024-07-20 17:16:56,3.748122,2024,7,20,17,16,56,,111.0,18.228,2024.0,7.0,20.0,17.0,16.0,56.0,,749.2608333333333,68.320767816,1.0
101,2024-07-20 17:16:57,3.746908,2024,7,20,17,16,57,,111.0,18.228,2024.0,7.0,20.0,17.0,16.0,57.0,,754.3241666666667,68.29863902400001,1.0
101,2024-07-20 17:16:58,3.745661,2024,7,20,17,16,58,,111.0,18.228,2024.0,7.0,20.0,17.0,16.0,58.0,,759.3875,68.275908708,1.0
101,2024-07-20 17:16:59,3.744386,2024,7,20,17,16,59,,111.0,18.228,2024.0,7.0,20.0,17.0,16.0,59.0,,764.4508333333333,68.252668008,1.0
101,2024-07-20 17:17:00,3.743082,2024,7,20,17,17,0,,111.0,18.227,2024.0,7.0,20.0,17.0,17.0,0.0,,769.5138888888889,68.225155614,1.0
101,2024-07-20 17:17:01,3.741751,2024,7,20,17,17,1,,111.0,18.227,2024.0,7.0,20.0,17.0,17.0,1.0,,774.5769444444444,68.200895477,1.0
101,2024-07-20 17:17:02,3.740385,2024,7,20,17,17,2,,111.0,18.228,2024.0,7.0,20.0,17.0,17.0,2.0,,779.6402777777778,68.17973778,1.0
101,2024-07-20 17:17:03,3.738991,2024,7,20,17,17,3,,111.0,18.228,2024.0,7.0,20.0,17.0,17.0,3.0,,784.7036111111111,68.154327948,1.0
101,2024-07-20 17:17:04,3.737583,2024,7,20,17,17,4,,111.0,18.228,2024.0,7.0,20.0,17.0,17.0,4.0,,789.7669444444444,68.128662924,1.0
101,2024-07-20 17:17:05,3.73615,2024,7,20,17,17,5,,111.0,18.228,2024.0,7.0,20.0,17.0,17.0,5.0,,794.8302777777778,68.1025422,1.0
101,2024-07-20 17:17:06,3.734693,2024,7,20,17,17,6,,111.0,18.228,2024.0,7.0,20.0,17.0,17.0,6.0,,799.8936111111111,68.075984004,1.0
101,2024-07-20 17:17:07,3.733236,2024,7,20,17,17,7,,111.0,18.228,2024.0,7.0,20.0,17.0,17.0,7.0,,804.9569444444445,68.04942580800001,1.0
101,2024-07-20 17:17:08,3.731768,2024,7,20,17,17,8,,111.0,18.228,2024.0,7.0,20.0,17.0,17.0,8.0,,810.0202777777779,68.022667104,1.0
101,2024-07-20 17:17:09,3.730283,2024,7,20,17,17,9,,111.0,18.228,2024.0,7.0,20.0,17.0,17.0,9.0,,815.0836111111112,67.995598524,1.0
101,2024-07-20 17:17:10,3.728801,2024,7,20,17,17,10,,111.0,18.228,2024.0,7.0,20.0,17.0,17.0,10.0,,820.1469444444446,67.968584628,1.0
101,2024-07-20 17:17:11,3.727308,2024,7,20,17,17,11,,111.0,18.228,2024.0,7.0,20.0,17.0,17.0,11.0,,825.210277777778,67.941370224,1.0
101,2024-07-20 17:17:12,3.72582,2024,7,20,17,17,12,,111.0,18.228,2024.0,7.0,20.0,17.0,17.0,12.0,,830.2736111111112,67.91424696000001,1.0
101,2024-07-20 17:17:13,3.724327,2024,7,20,17,17,13,,111.0,18.228,2024.0,7.0,20.0,17.0,17.0,13.0,,835.3369444444446,67.88703255600001,1.0
101,2024-07-20 17:17:14,3.722831,2024,7,20,17,17,14,,111.0,18.228,2024.0,7.0,20.0,17.0,17.0,14.0,,840.400277777778,67.859763468,1.0
101,2024-07-20 17:17:15,3.721342,2024,7,20,17,17,15,,111.0,18.228,2024.0,7.0,20.0,17.0,17.0,15.0,,845.4636111111113,67.832621976,1.0
101,2024-07-20 17:17:16,3.719871,2024,7,20,17,17,16,,111.0,18.228,2024.0,7.0,20.0,17.0,17.0,16.0,,850.5269444444447,67.805808588,1.0
101,2024-07-20 17:17:17,3.718409,2024,7,20,17,17,17,,111.0,18.228,2024.0,7.0,20.0,17.0,17.0,17.0,,855.590277777778,67.779159252,1.0
101,2024-07-20 17:17:18,3.716961,2024,7,20,17,17,18,,111.0,18.228,2024.0,7.0,20.0,17.0,17.0,18.0,,860.6536111111113,67.752765108,1.0
101,2024-07-20 17:17:19,3.715513,2024,7,20,17,17,19,,111.0,18.228,2024.0,7.0,20.0,17.0,17.0,19.0,,865.7169444444447,67.72637096400001,1.0
101,2024-07-20 17:17:20,3.714079,2024,7,20,17,17,20,,111.0,18.228,2024.0,7.0,20.0,17.0,17.0,20.0,,870.7802777777781,67.700232012,1.0
101,2024-07-20 17:17:21,3.712663,2024,7,20,17,17,21,,111.0,18.229,2024.0,7.0,20.0,17.0,17.0,21.0,,875.8438888888891,67.678133827,1.0
101,2024-07-20 17:17:22,3.711255,2024,7,20,17,17,22,,111.0,18.228,2024.0,7.0,20.0,17.0,17.0,22.0,,880.9072222222225,67.64875614,1.0
101,2024-07-20 17:17:23,3.709866,2024,7,20,17,17,23,,111.0,18.228,2024.0,7.0,20.0,17.0,17.0,23.0,,885.9705555555558,67.623437448,1.0
101,2024-07-20 17:17:24,3.708488,2024,7,20,17,17,24,,111.0,18.228,2024.0,7.0,20.0,17.0,17.0,24.0,,891.0338888888891,67.59831926400001,1.0
101,2024-07-20 17:17:25,3.707116,2024,7,20,17,17,25,,111.0,18.229,2024.0,7.0,20.0,17.0,17.0,25.0,,896.0975000000002,67.577017564,1.0
101,2024-07-20 17:17:26,3.705771,2024,7,20,17,17,26,,111.0,18.228,2024.0,7.0,20.0,17.0,17.0,26.0,,901.1608333333336,67.548793788,1.0
101,2024-07-20 17:17:27,3.704438,2024,7,20,17,17,27,,111.0,18.229,2024.0,7.0,20.0,17.0,17.0,27.0,,906.2244444444447,67.528200302,1.0
101,2024-07-20 17:17:28,3.70312,2024,7,20,17,17,28,,111.0,18.228,2024.0,7.0,20.0,17.0,17.0,28.0,,911.287777777778,67.50047136,1.0
101,2024-07-20 17:17:29,3.701818,2024,7,20,17,17,29,,111.0,18.228,2024.0,7.0,20.0,17.0,17.0,29.0,,916.3511111111113,67.476738504,1.0
101,2024-07-20 17:17:30,3.700542,2024,7,20,17,17,30,,111.0,18.229,2024.0,7.0,20.0,17.0,17.0,30.0,,921.4147222222224,67.457180118,1.0
101,2024-07-20 17:17:31,3.699279,2024,7,20,17,17,31,,111.0,18.228,2024.0,7.0,20.0,17.0,17.0,31.0,,926.4780555555558,67.43045761200001,1.0
101,2024-07-20 17:17:32,3.698041,2024,7,20,17,17,32,,111.0,18.228,2024.0,7.0,20.0,17.0,17.0,32.0,,931.5413888888891,67.407891348,1.0
101,2024-07-20 17:17:33,3.696826,2024,7,20,17,17,33,,111.0,18.228,2024.0,7.0,20.0,17.0,17.0,33.0,,936.6047222222224,67.38574432800002,1.0
101,2024-07-20 17:17:34,3.695624,2024,7,20,17,17,34,,111.0,18.228,2024.0,7.0,20.0,17.0,17.0,34.0,,941.6680555555558,67.363834272,1.0
101,2024-07-20 17:17:35,3.694444,2024,7,20,17,17,35,,111.0,18.228,2024.0,7.0,20.0,17.0,17.0,35.0,,946.7313888888891,67.34232523200001,1.0
101,2024-07-20 17:17:36,3.69328,2024,7,20,17,17,36,,111.0,18.228,2024.0,7.0,20.0,17.0,17.0,36.0,,951.7947222222225,67.32110784000001,1.0
101,2024-07-20 17:17:37,3.692122,2024,7,20,17,17,37,,111.0,18.228,2024.0,7.0,20.0,17.0,17.0,37.0,,956.8580555555559,67.29999981600001,1.0
101,2024-07-20 17:17:38,3.690987,2024,7,20,17,17,38,,111.0,18.228,2024.0,7.0,20.0,17.0,17.0,38.0,,961.9213888888892,67.279311036,1.0
101,2024-07-20 17:17:39,3.689866,2024,7,20,17,17,39,,111.0,18.228,2024.0,7.0,20.0,17.0,17.0,39.0,,966.9847222222226,67.258877448,1.0
101,2024-07-20 17:17:40,3.688759,2024,7,20,17,17,40,,111.0,18.229,2024.0,7.0,20.0,17.0,17.0,40.0,,972.0483333333336,67.242387811,1.0
101,2024-07-20 17:17:41,3.687669,2024,7,20,17,17,41,,111.0,18.228,2024.0,7.0,20.0,17.0,17.0,41.0,,977.111666666667,67.21883053200001,1.0
101,2024-07-20 17:17:42,3.686595,2024,7,20,17,17,42,,111.0,18.229,2024.0,7.0,20.0,17.0,17.0,42.0,,982.1752777777781,67.202940255,1.0
101,2024-07-20 17:17:43,3.685534,2024,7,20,17,17,43,,111.0,18.228,2024.0,7.0,20.0,17.0,17.0,43.0,,987.2386111111114,67.179913752,1.0
101,2024-07-20 17:17:44,3.684491,2024,7,20,17,17,44,,111.0,18.228,2024.0,7.0,20.0,17.0,17.0,44.0,,992.3019444444448,67.160901948,1.0
101,2024-07-20 17:17:45,3.683466,2024,7,20,17,17,45,,111.0,18.228,2024.0,7.0,20.0,17.0,17.0,45.0,,997.3652777777781,67.142218248,1.0
101,2024-07-20 17:17:46,3.68246,2024,7,20,17,17,46,,111.0,18.229,2024.0,7.0,20.0,17.0,17.0,46.0,,1002.4288888888891,67.12756334,1.0
101,2024-07-20 17:17:47,3.681476,2024,7,20,17,17,47,,111.0,18.229,2024.0,7.0,20.0,17.0,17.0,47.0,,1007.4925000000002,67.10962600399999,1.0
101,2024-07-20 17:17:48,3.680504,2024,7,20,17,17,48,,111.0,18.229,2024.0,7.0,20.0,17.0,17.0,48.0,,1012.5561111111112,67.091907416,1.0
101,2024-07-20 17:17:49,3.679545,2024,7,20,17,17,49,,111.0,18.229,2024.0,7.0,20.0,17.0,17.0,49.0,,1017.6197222222223,67.074425805,1.0
101,2024-07-20 17:17:50,3.678596,2024,7,20,17,17,50,,111.0,18.229,2024.0,7.0,20.0,17.0,17.0,50.0,,1022.6833333333334,67.057126484,1.0
101,2024-07-20 17:17:51,3.677667,2024,7,20,17,17,51,,111.0,18.229,2024.0,7.0,20.0,17.0,17.0,51.0,,1027.7469444444444,67.040191743,1.0
101,2024-07-20 17:17:52,3.67675,2024,7,20,17,17,52,,111.0,18.229,2024.0,7.0,20.0,17.0,17.0,52.0,,1032.8105555555555,67.02347575,1.0
101,2024-07-20 17:17:53,3.675845,2024,7,20,17,17,53,,111.0,18.229,2024.0,7.0,20.0,17.0,17.0,53.0,,1037.8741666666665,67.00697850499999,1.0
101,2024-07-20 17:17:54,3.674961,2024,7,20,17,17,54,,111.0,18.228,2024.0,7.0,20.0,17.0,17.0,54.0,,1042.9375,66.98718910800001,1.0
101,2024-07-20 17:17:55,3.6741,2024,7,20,17,17,55,,111.0,18.229,2024.0,7.0,20.0,17.0,17.0,55.0,,1048.001111111111,66.9751689,1.0
101,2024-07-20 17:17:56,3.673237,2024,7,20,17,17,56,,111.0,18.23,2024.0,7.0,20.0,17.0,17.0,56.0,,1053.0649999999998,66.96311050999999,1.0
101,2024-07-20 17:17:57,3.672392,2024,7,20,17,17,57,,111.0,18.23,2024.0,7.0,20.0,17.0,17.0,57.0,,1058.1288888888887,66.94770616,1.0
101,2024-07-20 17:17:58,3.67156,2024,7,20,17,17,58,,111.0,18.229,2024.0,7.0,20.0,17.0,17.0,58.0,,1063.1924999999999,66.92886724,1.0
101,2024-07-20 17:17:59,3.670734,2024,7,20,17,17,59,,111.0,18.229,2024.0,7.0,20.0,17.0,17.0,59.0,,1068.2561111111108,66.913810086,1.0
101,2024-07-20 17:18:00,3.669923,2024,7,20,17,18,0,,111.0,18.229,2024.0,7.0,20.0,17.0,18.0,0.0,,1073.319722222222,66.89902636699999,1.0
101,2024-07-20 17:18:01,3.669123,2024,7,20,17,18,1,,111.0,18.229,2024.0,7.0,20.0,17.0,18.0,1.0,,1078.383333333333,66.884443167,1.0
101,2024-07-20 17:18:02,3.668324,2024,7,20,17,18,2,,111.0,18.229,2024.0,7.0,20.0,17.0,18.0,2.0,,1083.4469444444442,66.869878196,1.0
101,2024-07-20 17:18:03,3.66753,2024,7,20,17,18,3,,111.0,18.229,2024.0,7.0,20.0,17.0,18.0,3.0,,1088.5105555555551,66.85540437,1.0
101,2024-07-20 17:18:04,3.666748,2024,7,20,17,18,4,,111.0,18.229,2024.0,7.0,20.0,17.0,18.0,4.0,,1093.574166666666,66.841149292,1.0
101,2024-07-20 17:18:05,3.665969,2024,7,20,17,18,5,,111.0,18.229,2024.0,7.0,20.0,17.0,18.0,5.0,,1098.6377777777773,66.826948901,1.0
101,2024-07-20 17:18:06,3.665203,2024,7,20,17,18,6,,111.0,18.229,2024.0,7.0,20.0,17.0,18.0,6.0,,1103.7013888888882,66.81298548699999,1.0
101,2024-07-20 17:18:07,3.664444,2024,7,20,17,18,7,,111.0,18.229,2024.0,7.0,20.0,17.0,18.0,7.0,,1108.7649999999994,66.799149676,1.0
101,2024-07-20 17:18:08,3.663704,2024,7,20,17,18,8,,111.0,18.229,2024.0,7.0,20.0,17.0,18.0,8.0,,1113.8286111111104,66.785660216,1.0
101,2024-07-20 17:18:09,3.662962,2024,7,20,17,18,9,,111.0,18.229,2024.0,7.0,20.0,17.0,18.0,9.0,,1118.8922222222216,66.772134298,1.0
101,2024-07-20 17:18:10,3.662224,2024,7,20,17,18,10,,111.0,18.229,2024.0,7.0,20.0,17.0,18.0,10.0,,1123.9558333333325,66.758681296,1.0
101,2024-07-20 17:18:11,3.661494,2024,7,20,17,18,11,,111.0,18.229,2024.0,7.0,20.0,17.0,18.0,11.0,,1129.0194444444437,66.74537412599999,1.0
101,2024-07-20 17:18:12,3.660767,2024,7,20,17,18,12,,111.0,18.229,2024.0,7.0,20.0,17.0,18.0,12.0,,1134.0830555555547,66.732121643,1.0
101,2024-07-20 17:18:13,3.66004,2024,7,20,17,18,13,,111.0,18.229,2024.0,7.0,20.0,17.0,18.0,13.0,,1139.1466666666659,66.71886916,1.0
101,2024-07-20 17:18:14,3.659316,2024,7,20,17,18,14,,111.0,18.229,2024.0,7.0,20.0,17.0,18.0,14.0,,1144.210277777777,66.705671364,1.0
101,2024-07-20 17:18:15,3.658592,2024,7,20,17,18,15,,111.0,18.23,2024.0,7.0,20.0,17.0,18.0,15.0,,1149.274166666666,66.69613216,1.0
101,2024-07-20 17:18:16,3.657869,2024,7,20,17,18,16,,111.0,18.229,2024.0,7.0,20.0,17.0,18.0,16.0,,1154.337777777777,66.67929400099999,1.0
101,2024-07-20 17:18:17,3.657146,2024,7,20,17,18,17,,111.0,18.229,2024.0,7.0,20.0,17.0,18.0,17.0,,1159.4013888888883,66.666114434,1.0
101,2024-07-20 17:18:18,3.656431,2024,7,20,17,18,18,,111.0,18.229,2024.0,7.0,20.0,17.0,18.0,18.0,,1164.4649999999995,66.653080699,1.0
101,2024-07-20 17:18:19,3.655714,2024,7,20,17,18,19,,111.0,18.23,2024.0,7.0,20.0,17.0,18.0,19.0,,1169.528888888888,66.64366622,1.0
101,2024-07-20 17:18:20,3.655001,2024,7,20,17,18,20,,111.0,18.229,2024.0,7.0,20.0,17.0,18.0,20.0,,1174.5924999999993,66.627013229,1.0
101,2024-07-20 17:18:21,3.654292,2024,7,20,17,18,21,,111.0,18.229,2024.0,7.0,20.0,17.0,18.0,21.0,,1179.6561111111105,66.614088868,1.0
101,2024-07-20 17:18:22,3.653583,2024,7,20,17,18,22,,111.0,18.229,2024.0,7.0,20.0,17.0,18.0,22.0,,1184.7197222222217,66.601164507,1.0
101,2024-07-20 17:18:23,3.65287,2024,7,20,17,18,23,,111.0,18.23,2024.0,7.0,20.0,17.0,18.0,23.0,,1189.7836111111105,66.5918201,1.0
101,2024-07-20 17:18:24,3.65217,2024,7,20,17,18,24,,111.0,18.23,2024.0,7.0,20.0,17.0,18.0,24.0,,1194.8474999999992,66.5790591,1.0
101,2024-07-20 17:18:25,3.65146,2024,7,20,17,18,25,,111.0,18.23,2024.0,7.0,20.0,17.0,18.0,25.0,,1199.911388888888,66.5661158,1.0
101,2024-07-20 17:18:26,3.65076,2024,7,20,17,18,26,,111.0,18.229,2024.0,7.0,20.0,17.0,18.0,26.0,,1204.9749999999992,66.54970404,1.0
101,2024-07-20 17:18:27,3.650055,2024,7,20,17,18,27,,111.0,18.229,2024.0,7.0,20.0,17.0,18.0,27.0,,1210.0386111111104,66.536852595,1.0
101,2024-07-20 17:18:28,3.649353,2024,7,20,17,18,28,,111.0,18.23,2024.0,7.0,20.0,17.0,18.0,28.0,,1215.102499999999,66.52770519,1.0
101,2024-07-20 17:18:29,3.648655,2024,7,20,17,18,29,,111.0,18.229,2024.0,7.0,20.0,17.0,18.0,29.0,,1220.1661111111102,66.511331995,1.0
101,2024-07-20 17:18:30,3.647953,2024,7,20,17,18,30,,111.0,18.229,2024.0,7.0,20.0,17.0,18.0,30.0,,1225.2297222222214,66.498535237,1.0
101,2024-07-20 17:18:31,3.647258,2024,7,20,17,18,31,,111.0,18.229,2024.0,7.0,20.0,17.0,18.0,31.0,,1230.2933333333326,66.485866082,1.0
101,2024-07-20 17:18:32,3.646563,2024,7,20,17,18,32,,111.0,18.23,2024.0,7.0,20.0,17.0,18.0,32.0,,1235.3572222222215,66.47684349000001,1.0
101,2024-07-20 17:18:33,3.645862,2024,7,20,17,18,33,,111.0,18.23,2024.0,7.0,20.0,17.0,18.0,33.0,,1240.4211111111101,66.46406426,1.0
101,2024-07-20 17:18:34,3.645168,2024,7,20,17,18,34,,111.0,18.229,2024.0,7.0,20.0,17.0,18.0,34.0,,1245.4847222222213,66.447767472,1.0
101,2024-07-20 17:18:35,3.644467,2024,7,20,17,18,35,,111.0,18.23,2024.0,7.0,20.0,17.0,18.0,35.0,,1250.5486111111102,66.43863341000001,1.0
101,2024-07-20 17:18:36,3.643772,2024,7,20,17,18,36,,111.0,18.23,2024.0,7.0,20.0,17.0,18.0,36.0,,1255.612499999999,66.42596356,1.0
101,2024-07-20 17:18:37,3.643072,2024,7,20,17,18,37,,111.0,18.23,2024.0,7.0,20.0,17.0,18.0,37.0,,1260.6763888888877,66.41320256,1.0
101,2024-07-20 17:18:38,3.642374,2024,7,20,17,18,38,,111.0,18.229,2024.0,7.0,20.0,17.0,18.0,38.0,,1265.7399999999989,66.396835646,1.0
101,2024-07-20 17:18:39,3.641675,2024,7,20,17,18,39,,111.0,18.23,2024.0,7.0,20.0,17.0,18.0,39.0,,1270.8038888888877,66.38773525,1.0
101,2024-07-20 17:18:40,3.640971,2024,7,20,17,18,40,,111.0,18.23,2024.0,7.0,20.0,17.0,18.0,40.0,,1275.8677777777764,66.37490133,1.0
101,2024-07-20 17:18:41,3.640271,2024,7,20,17,18,41,,111.0,18.23,2024.0,7.0,20.0,17.0,18.0,41.0,,1280.9316666666653,66.36214033,1.0
101,2024-07-20 17:18:42,3.639572,2024,7,20,17,18,42,,111.0,18.23,2024.0,7.0,20.0,17.0,18.0,42.0,,1285.995555555554,66.34939756,1.0
101,2024-07-20 17:18:43,3.638865,2024,7,20,17,18,43,,111.0,18.231,2024.0,7.0,20.0,17.0,18.0,43.0,,1291.0597222222207,66.34014781500001,1.0
101,2024-07-20 17:18:44,3.638163,2024,7,20,17,18,44,,111.0,18.23,2024.0,7.0,20.0,17.0,18.0,44.0,,1296.1236111111093,66.32371149000001,1.0
101,2024-07-20 17:18:45,3.637463,2024,7,20,17,18,45,,111.0,18.231,2024.0,7.0,20.0,17.0,18.0,45.0,,1301.1877777777759,66.314587953,1.0
101,2024-07-20 17:18:46,3.63676,2024,7,20,17,18,46,,111.0,18.23,2024.0,7.0,20.0,17.0,18.0,46.0,,1306.2516666666647,66.2981348,1.0
101,2024-07-20 17:18:47,3.636063,2024,7,20,17,18,47,,111.0,18.23,2024.0,7.0,20.0,17.0,18.0,47.0,,1311.3155555555534,66.28542849,1.0
101,2024-07-20 17:18:48,3.635367,2024,7,20,17,18,48,,111.0,18.231,2024.0,7.0,20.0,17.0,18.0,48.0,,1316.3797222222202,66.27637577700001,1.0
101,2024-07-20 17:18:49,3.634669,2024,7,20,17,18,49,,111.0,18.231,2024.0,7.0,20.0,17.0,18.0,49.0,,1321.4438888888867,66.26365053900001,1.0
101,2024-07-20 17:18:50,3.633968,2024,7,20,17,18,50,,111.0,18.23,2024.0,7.0,20.0,17.0,18.0,50.0,,1326.5077777777753,66.24723664,1.0
101,2024-07-20 17:18:51,3.633264,2024,7,20,17,18,51,,111.0,18.23,2024.0,7.0,20.0,17.0,18.0,51.0,,1331.5716666666642,66.23440272,1.0
101,2024-07-20 17:18:52,3.632574,2024,7,20,17,18,52,,111.0,18.23,2024.0,7.0,20.0,17.0,18.0,52.0,,1336.635555555553,66.22182402,1.0
101,2024-07-20 17:18:53,3.631879,2024,7,20,17,18,53,,111.0,18.23,2024.0,7.0,20.0,17.0,18.0,53.0,,1341.6994444444417,66.20915417,1.0
101,2024-07-20 17:18:54,3.63118,2024,7,20,17,18,54,,111.0,18.23,2024.0,7.0,20.0,17.0,18.0,54.0,,1346.7633333333306,66.1964114,1.0
101,2024-07-20 17:18:55,3.630478,2024,7,20,17,18,55,,111.0,18.23,2024.0,7.0,20.0,17.0,18.0,55.0,,1351.8272222222192,66.18361394,1.0
101,2024-07-20 17:18:56,3.629777,2024,7,20,17,18,56,,111.0,18.23,2024.0,7.0,20.0,17.0,18.0,56.0,,1356.891111111108,66.17083471,1.0
101,2024-07-20 17:18:57,3.629078,2024,7,20,17,18,57,,111.0,18.231,2024.0,7.0,20.0,17.0,18.0,57.0,,1361.9552777777747,66.16172101800001,1.0
101,2024-07-20 17:18:58,3.628377,2024,7,20,17,18,58,,111.0,18.231,2024.0,7.0,20.0,17.0,18.0,58.0,,1367.0194444444412,66.14894108700001,1.0
101,2024-07-20 17:18:59,3.627676,2024,7,20,17,18,59,,111.0,18.23,2024.0,7.0,20.0,17.0,18.0,59.0,,1372.08333333333,66.13253348,1.0
101,2024-07-20 17:19:00,3.626975,2024,7,20,17,19,0,,111.0,18.23,2024.0,7.0,20.0,17.0,19.0,0.0,,1377.1472222222187,66.11975425,1.0
101,2024-07-20 17:19:01,3.626267,2024,7,20,17,19,1,,111.0,18.23,2024.0,7.0,20.0,17.0,19.0,1.0,,1382.2111111111076,66.10684741,1.0
101,2024-07-20 17:19:02,3.62556,2024,7,20,17,19,2,,111.0,18.23,2024.0,7.0,20.0,17.0,19.0,2.0,,1387.2749999999962,66.09395880000001,1.0
101,2024-07-20 17:19:03,3.624859,2024,7,20,17,19,3,,111.0,18.231,2024.0,7.0,20.0,17.0,19.0,3.0,,1392.339166666663,66.084804429,1.0
101,2024-07-20 17:19:04,3.624167,2024,7,20,17,19,4,,111.0,18.23,2024.0,7.0,20.0,17.0,19.0,4.0,,1397.4030555555516,66.06856441,1.0
101,2024-07-20 17:19:05,3.623469,2024,7,20,17,19,5,,111.0,18.23,2024.0,7.0,20.0,17.0,19.0,5.0,,1402.4669444444405,66.05583987,1.0
101,2024-07-20 17:19:06,3.622777,2024,7,20,17,19,6,,111.0,18.23,2024.0,7.0,20.0,17.0,19.0,6.0,,1407.5308333333292,66.04322471,1.0
101,2024-07-20 17:19:07,3.622076,2024,7,20,17,19,7,,111.0,18.23,2024.0,7.0,20.0,17.0,19.0,7.0,,1412.594722222218,66.03044548,1.0
101,2024-07-20 17:19:08,3.621386,2024,7,20,17,19,8,,111.0,18.23,2024.0,7.0,20.0,17.0,19.0,8.0,,1417.6586111111067,66.01786678,1.0
101,2024-07-20 17:19:09,3.620693,2024,7,20,17,19,9,,111.0,18.23,2024.0,7.0,20.0,17.0,19.0,9.0,,1422.7224999999955,66.00523339,1.0
101,2024-07-20 17:19:10,3.619985,2024,7,20,17,19,10,,111.0,18.231,2024.0,7.0,20.0,17.0,19.0,10.0,,1427.786666666662,65.995946535,1.0
101,2024-07-20 17:19:11,3.619292,2024,7,20,17,19,11,,111.0,18.23,2024.0,7.0,20.0,17.0,19.0,11.0,,1432.850555555551,65.97969316000001,1.0
101,2024-07-20 17:19:12,3.618595,2024,7,20,17,19,12,,111.0,18.23,2024.0,7.0,20.0,17.0,19.0,12.0,,1437.9144444444396,65.96698685,1.0
101,2024-07-20 17:19:13,3.617898,2024,7,20,17,19,13,,111.0,18.231,2024.0,7.0,20.0,17.0,19.0,13.0,,1442.9786111111064,65.957898438,1.0
101,2024-07-20 17:19:14,3.617201,2024,7,20,17,19,14,,111.0,18.23,2024.0,7.0,20.0,17.0,19.0,14.0,,1448.042499999995,65.94157423,1.0
101,2024-07-20 17:19:15,3.616503,2024,7,20,17,19,15,,111.0,18.23,2024.0,7.0,20.0,17.0,19.0,15.0,,1453.1063888888839,65.92884968999999,1.0
101,2024-07-20 17:19:16,3.615806,2024,7,20,17,19,16,,111.0,18.231,2024.0,7.0,20.0,17.0,19.0,16.0,,1458.1705555555504,65.91975918600001,1.0
101,2024-07-20 17:19:17,3.615103,2024,7,20,17,19,17,,111.0,18.231,2024.0,7.0,20.0,17.0,19.0,17.0,,1463.234722222217,65.906942793,1.0
101,2024-07-20 17:19:18,3.614404,2024,7,20,17,19,18,,111.0,18.231,2024.0,7.0,20.0,17.0,19.0,18.0,,1468.2988888888835,65.894199324,1.0
101,2024-07-20 17:19:19,3.613702,2024,7,20,17,19,19,,111.0,18.23,2024.0,7.0,20.0,17.0,19.0,19.0,,1473.3627777777724,65.87778746000001,1.0
101,2024-07-20 17:19:20,3.613004,2024,7,20,17,19,20,,111.0,18.23,2024.0,7.0,20.0,17.0,19.0,20.0,,1478.426666666661,65.86506292,1.0
101,2024-07-20 17:19:21,3.612302,2024,7,20,17,19,21,,111.0,18.231,2024.0,7.0,20.0,17.0,19.0,21.0,,1483.4908333333278,65.855877762,1.0
101,2024-07-20 17:19:22,3.611618,2024,7,20,17,19,22,,111.0,18.23,2024.0,7.0,20.0,17.0,19.0,22.0,,1488.5547222222165,65.83979614,1.0
101,2024-07-20 17:19:23,3.61092,2024,7,20,17,19,23,,111.0,18.23,2024.0,7.0,20.0,17.0,19.0,23.0,,1493.6186111111053,65.82707160000001,1.0
101,2024-07-20 17:19:24,3.610245,2024,7,20,17,19,24,,111.0,18.23,2024.0,7.0,20.0,17.0,19.0,24.0,,1498.682499999994,65.81476635,1.0
101,2024-07-20 17:19:25,3.609558,2024,7,20,17,19,25,,111.0,18.23,2024.0,7.0,20.0,17.0,19.0,25.0,,1503.7463888888828,65.80224233999999,1.0
101,2024-07-20 17:19:26,3.608874,2024,7,20,17,19,26,,111.0,18.231,2024.0,7.0,20.0,17.0,19.0,26.0,,1508.8105555555494,65.793381894,1.0
101,2024-07-20 17:19:27,3.608186,2024,7,20,17,19,27,,111.0,18.23,2024.0,7.0,20.0,17.0,19.0,27.0,,1513.8744444444383,65.77723078,1.0
101,2024-07-20 17:19:28,3.607504,2024,7,20,17,19,28,,111.0,18.231,2024.0,7.0,20.0,17.0,19.0,28.0,,1518.9386111111048,65.76840542400001,1.0
101,2024-07-20 17:19:29,3.606823,2024,7,20,17,19,29,,111.0,18.231,2024.0,7.0,20.0,17.0,19.0,29.0,,1524.0027777777714,65.75599011300001,1.0
101,2024-07-20 17:19:30,3.606143,2024,7,20,17,19,30,,111.0,18.231,2024.0,7.0,20.0,17.0,19.0,30.0,,1529.066944444438,65.74359303300001,1.0
101,2024-07-20 17:19:31,3.605465,2024,7,20,17,19,31,,111.0,18.231,2024.0,7.0,20.0,17.0,19.0,31.0,,1534.1311111111047,65.73123241500001,1.0
101,2024-07-20 17:19:32,3.604782,2024,7,20,17,19,32,,111.0,18.231,2024.0,7.0,20.0,17.0,19.0,32.0,,1539.1952777777713,65.71878064200001,1.0
101,2024-07-20 17:19:33,3.604105,2024,7,20,17,19,33,,111.0,18.232,2024.0,7.0,20.0,17.0,19.0,33.0,,1544.2597222222157,65.71004236,1.0
101,2024-07-20 17:19:34,3.603426,2024,7,20,17,19,34,,111.0,18.231,2024.0,7.0,20.0,17.0,19.0,34.0,,1549.3238888888823,65.69405940600001,1.0
101,2024-07-20 17:19:35,3.602759,2024,7,20,17,19,35,,111.0,18.231,2024.0,7.0,20.0,17.0,19.0,35.0,,1554.3880555555488,65.681899329,1.0
101,2024-07-20 17:19:36,3.602099,2024,7,20,17,19,36,,111.0,18.231,2024.0,7.0,20.0,17.0,19.0,36.0,,1559.4522222222154,65.669866869,1.0
101,2024-07-20 17:19:37,3.601434,2024,7,20,17,19,37,,111.0,18.231,2024.0,7.0,20.0,17.0,19.0,37.0,,1564.516388888882,65.657743254,1.0
101,2024-07-20 17:19:38,3.600775,2024,7,20,17,19,38,,111.0,18.231,2024.0,7.0,20.0,17.0,19.0,38.0,,1569.5805555555487,65.64572902500001,1.0
101,2024-07-20 17:19:39,3.60012,2024,7,20,17,19,39,,111.0,18.231,2024.0,7.0,20.0,17.0,19.0,39.0,,1574.6447222222153,65.63378772,1.0
101,2024-07-20 17:19:40,3.59946,2024,7,20,17,19,40,,111.0,18.231,2024.0,7.0,20.0,17.0,19.0,40.0,,1579.7088888888818,65.62175526000001,1.0
